Date,<OPEN>,High,Low,Close,Volum
20200513,19909,20555,18914,19234,440618370
20200512,20956,19909,19909,19909,69861038
20200511,20092,21096,20100,20956,634870783
20200510,19136,20092,20092,20092,99346273
20200509,18227,19138,18977,19136,113330048
20200506,17681,18565,16820,18227,349214951
20200505,17252,18114,16701,17681,472270077
20200504,16459,17281,15637,17252,388427514
20200503,14937,16467,15683,16459,136042107
20200428,14235,14946,14734,14937,46432426
20200427,13564,14242,13600,14235,270377702
20200426,12919,13564,13500,13564,255273596
20200425,12304,12919,12919,12919,33342420
20200422,11786,12375,11800,12304,345448880
20200421,11226,11787,11551,11786,369185657
20200420,10732,11268,10550,11226,295590437
20200419,10283,10797,10283,10732,292985635
20200418,9794,10283,10238,10283,142377245
20200415,9348,9815,9410,9794,201457026
20200414,9537,9551,9100,9348,105551315
20200413,9617,9747,9376,9537,99685848
20200412,9500,9710,9413,9617,139842742
20200411,9573,9694,9311,9500,87710288
20200408,9681,9888,9356,9573,143157654
20200407,9553,9849,9502,9681,95695874
20200406,10012,9859,9512,9553,124869408
20200405,10201,10330,9893,10012,153061068
20200404,9741,10228,9871,10201,194474665
20200330,9806,9950,9380,9741,112822114
20200329,9422,9893,9508,9806,251384155
20200328,8974,9422,9350,9422,165230289
20200325,8553,8980,8725,8974,205902673
20200324,8177,8585,8200,8553,189655706
20200318,7858,8250,7858,8177,209125494
20200317,8178,8100,7770,7858,96337658
20200316,7924,8726,7990,8178,121554493
20200314,8304,8248,7889,7924,73351664
20200311,8066,8400,8120,8304,82930229
20200310,7903,8199,7954,8066,87238638
20200309,8252,8252,7840,7903,184314168
20200307,8158,8450,7911,8252,86509851
20200304,7823,8214,7827,8158,276054974
20200303,7603,7960,7610,7823,127945696
20200302,7490,7707,7534,7603,75460761
20200301,7417,7590,7300,7490,64431036
20200229,7801,7587,7411,7417,115094428
20200226,7988,8130,7621,7863,64549760
20200225,7675,8058,7655,7988,165945105
20200224,7690,7898,7580,7675,85997239
20200223,7486,7833,7525,7690,84909784
20200222,7783,7714,7394,7486,87762116
20200219,7637,7933,7630,7783,61040074
20200218,7765,7765,7430,7637,38948921
20200217,7672,7955,7622,7765,57020095
20200216,7725,7799,7600,7672,100142358
20200215,7987,8000,7610,7725,40931162
20200212,7703,8088,7700,7987,67972372
20200210,7907,7999,7512,7703,85868032
20200209,8087,8040,7800,7907,77021606
20200208,7975,8290,7830,8087,114916175
20200205,7635,8016,7700,7975,145168075
20200204,7296,7660,7400,7635,220766884
20200203,7140,7430,7165,7296,124664197
20200202,7234,7280,7049,7140,58310053
20200201,7199,7418,7120,7234,66576675
20200128,7028,7309,7044,7199,84271715
20200127,6965,7145,6800,7028,100045025
20200126,7017,7128,6800,6965,92946252
20200125,7095,7145,6950,7017,104594135
20200122,7070,7360,6935,7095,73620332
20200121,7125,7260,6800,7070,67764494
20200120,6869,7212,6850,7125,188746529
20200119,6860,6998,6660,6869,95105417
20200118,6618,6948,6659,6860,149178001
20200115,6331,6647,6351,6618,193908160
20200114,6038,6339,6160,6331,273991410
20200113,5751,6038,6000,6038,250927040
20200112,5478,5751,5751,5751,42031135
20200111,5371,5478,5478,5478,6355152
20200108,5469,5500,5360,5371,284731460
20200107,5653,5810,5371,5469,111250056
20200105,5861,5839,5571,5653,138188448
20200104,6169,5861,5861,5861,370941917
20200101,6184,6250,6100,6169,48006898
20191231,6279,6280,6086,6184,49523435
20191230,6243,6320,6221,6279,45804701
20191229,6187,6302,6153,6243,53139595
20191228,5970,6260,6059,6187,95422568
20191225,5982,6080,5915,5970,35842659
20191224,6063,6062,5926,5982,40591906
20191223,6090,6178,5951,6063,67012076
20191222,6155,6181,6030,6090,45249917
20191221,6061,6199,6098,6155,49275630
20191218,5983,6131,5960,6061,62135942
20191217,5989,6030,5957,5983,53605459
20191216,6024,6022,5921,5989,46751703
20191215,6114,6113,5950,6024,53723702
20191214,6141,6198,6040,6114,29521792
20191211,6213,6190,6052,6141,25218870
20191210,6207,6362,6100,6213,60591945
20191209,6194,6361,6131,6207,36007641
20191208,5910,6205,5969,6194,154954196
20191207,5831,5974,5860,5910,33776019
20191204,5786,5901,5772,5831,34492350
20191203,5822,5881,5711,5786,25957944
20191202,5951,5958,5760,5822,31124126
20191201,5862,5999,5900,5951,23822826
20191130,5775,5950,5610,5862,38355890
20191127,5632,5857,5610,5775,31327654
20191126,5479,5752,5450,5632,75966264
20191125,5456,5579,5431,5479,30385404
20191124,5456,5490,5400,5456,21593821
20191123,5456,5499,5402,5456,42548256
20191120,5458,5498,5411,5456,41047978
20191119,5417,5530,5426,5458,40224600
20191118,5348,5450,5302,5417,34942117
20191117,5450,5468,5201,5348,57365335
20191116,5412,5549,5366,5450,39889610
20191113,5425,5470,5355,5412,25491877
20191112,5368,5479,5352,5425,22623241
20191111,5341,5449,5251,5368,20343712
20191110,5477,5450,5311,5341,17780205
20191109,5407,5576,5370,5477,24597586
20191105,5298,5498,5251,5407,54197850
20191104,5529,5488,5253,5298,104085622
20191103,5696,5720,5412,5529,78253184
20191102,5825,5899,5620,5696,33369567
20191030,5794,5891,5788,5825,51589639
20191028,5724,5890,5731,5794,27857018
20191026,5787,5830,5650,5724,24929162
20191023,5810,5927,5701,5787,45003363
20191022,5708,5940,5708,5810,34745167
20191021,5731,5840,5600,5708,61414087
20191020,6005,6010,5705,5731,147406719
20191016,6018,6120,5910,6005,66917434
20191015,6093,6338,5800,6018,119848295
20191014,6185,6210,5952,6093,137132531
20191013,6064,6289,5999,6185,145209974
20191012,6037,6195,5901,6064,140519168
20191009,6144,6144,5850,6037,125466197
20191008,6453,6288,6131,6144,337855932
20191007,6659,6744,6327,6453,157817827
20191006,6661,6895,6351,6659,508882228
20191005,6344,6661,6661,6661,12855000
20191002,4336,6510,6200,6344,613946459
20190616,4249,4461,4165,4336,131088535
20190615,4084,4288,3980,4249,156728436
20190612,3904,4099,3992,4084,281032744
20190611,3929,3943,3822,3904,61383094
20190610,3918,3990,3856,3929,72138869
20190609,3782,3970,3810,3918,89440015
20190608,3809,3816,3701,3782,38883361
20190603,3747,3898,3755,3809,57271769
20190602,3600,3780,3650,3747,125287381
20190601,3588,3671,3490,3600,57501095
20190529,3470,3630,3540,3588,77157001
20190528,3421,3550,3421,3470,56616989
20190526,3383,3475,3382,3421,45798795
20190525,3484,3445,3351,3383,34433311
20190522,3516,3569,3441,3484,46012731
20190521,3353,3520,3404,3516,168776901
20190520,3409,3449,3242,3353,87983644
20190519,3460,3480,3380,3409,54852688
20190518,3367,3535,3400,3460,62602939
20190515,3337,3477,3272,3367,65066911
20190514,3182,3341,3180,3337,294102165
20190513,3123,3238,3127,3182,57124386
20190512,3268,3240,3105,3123,108320016
20190511,3391,3470,3222,3268,103089597
20190508,3373,3499,3300,3391,82161733
20190507,3547,3450,3370,3373,229652592
20190506,3702,3679,3517,3547,70044390
20190505,3568,3746,3501,3702,194589524
20190504,3411,3581,3420,3568,140908128
20190501,3314,3470,3267,3411,106827308
20190430,3343,3416,3250,3314,100234796
20190429,3196,3355,3254,3343,211258932
20190428,3063,3216,3081,3196,198346750
20190427,3089,3120,3013,3063,60787792
20190424,3047,3136,3030,3089,60690748
20190423,3092,3095,3020,3047,54560489
20190422,3146,3261,3011,3092,87051408
20190420,3002,3152,3037,3146,144821757
20190417,3093,3060,2941,3002,78320754
20190416,3126,3170,2980,3093,121954920
20190415,3043,3170,3066,3126,116416502
20190414,3085,3085,2987,3043,101401351
20190413,3145,3160,3050,3085,96001867
20190410,3084,3209,3072,3145,143782515
20190409,3148,3145,3044,3084,135658688
20190408,3254,3196,3111,3148,117896824
20190407,3170,3318,3162,3254,127355934
20190406,3115,3231,3061,3170,81015785
20190331,3005,3155,3051,3115,92051350
20190330,2871,3014,2910,3005,115433665
20190327,2870,2900,2857,2871,35904463
20190326,2883,2900,2821,2870,36101648
20190325,2917,2905,2844,2883,29948945
20190319,2939,2954,2891,2917,92381802
20190318,2898,2980,2902,2939,68181729
20190317,2909,2981,2810,2898,127023894
20190316,2875,2970,2862,2909,101973790
20190313,2743,2880,2780,2875,244608362
20190312,2721,2771,2720,2743,95547351
20190311,2626,2757,2635,2721,123773573
20190310,2625,2668,2575,2626,105470222
20190309,2580,2670,2579,2625,82555191
20190306,2474,2597,2455,2580,117399791
20190305,2525,2548,2430,2474,64149389
20190304,2594,2589,2472,2525,52776887
20190303,2610,2645,2559,2594,48625001
20190302,2632,2671,2560,2610,54189461
20190227,2573,2660,2601,2632,54204684
20190226,2578,2630,2490,2573,110028881
20190225,2467,2590,2530,2578,149363694
20190224,2378,2496,2372,2467,76383882
20190223,2304,2418,2330,2378,55568499
20190220,2340,2337,2271,2304,31915031
20190219,2310,2388,2290,2340,33116671
20190218,2216,2326,2231,2310,55709090
20190217,2267,2270,2180,2216,52851471
20190216,2299,2328,2220,2267,39444663
20190213,2366,2389,2249,2299,61509322
20190212,2406,2420,2333,2366,25193072
20190210,2396,2450,2376,2406,28504084
20190206,2365,2449,2360,2396,39020296
20190205,2379,2450,2302,2365,61980809
20190204,2368,2437,2340,2379,34546281
20190203,2468,2468,2345,2368,68699310
20190202,2506,2509,2411,2468,39909369
20190130,2513,2547,2480,2506,53291256
20190129,2546,2591,2470,2513,52980346
20190128,2595,2595,2510,2546,46885190
20190127,2481,2605,2501,2595,316014959
20190126,2470,2507,2461,2481,75929428
20190123,2469,2507,2437,2470,74289313
20190122,2440,2527,2415,2469,108077472
20190121,2567,2480,2439,2440,270840358
20190120,2655,2650,2523,2567,123564637
20190119,2693,2703,2610,2655,106985305
20190116,2589,2718,2647,2693,214626815
20190115,2652,2642,2559,2589,118240567
20190114,2612,2696,2610,2652,66636736
20190113,2579,2649,2555,2612,73877570
20190112,2634,2614,2612,2579,85340419
20190109,2655,2695,2570,2634,97735461
20190108,2753,2745,2616,2655,188763969
20190107,2704,2817,2709,2753,143414124
20190106,2588,2717,2605,2704,288611784
20190105,2624,2629,2545,2588,76102128
20190102,2661,2692,2550,2624,138775983
20190101,2579,2707,2525,2661,279572768
20181231,2609,2643,2523,2579,94990797
20181230,2525,2650,2502,2609,153764992
20181229,2542,2569,2471,2525,88995182
20181226,2429,2550,2456,2542,515511696
20181225,2336,2452,2361,2429,140414431
20181224,2279,2383,2215,2336,211546059
20181223,2183,2292,2231,2279,163813807
20181222,2089,2193,2117,2183,108025815
20181219,2017,2117,2000,2089,154445772
20181218,2001,2051,1975,2017,62095981
20181217,2067,2106,1964,2001,136973762
20181216,2170,2160,2062,2067,113801364
20181215,2254,2268,2142,2170,104707071
20181212,2270,2301,2227,2254,40336218
20181211,2274,2317,2202,2270,71843930
20181210,2250,2346,2196,2274,101182812
20181209,2164,2272,2144,2250,208493732
20181208,2235,2210,2130,2164,76089199
20181205,2218,2271,2189,2235,47146078
20181204,2271,2271,2184,2218,55318345
20181203,2225,2310,2201,2271,61126622
20181202,2173,2280,2181,2225,97696598
20181201,2279,2221,2166,2173,39458997
20181128,2391,2365,2272,2279,114685741
20181127,2416,2464,2353,2391,43208771
20181126,2536,2519,2410,2416,66285127
20181124,2473,2596,2452,2536,135705139
20181121,2361,2479,2423,2473,162649350
20181120,2345,2460,2237,2361,187094992
20181119,2419,2439,2299,2345,211595598
20181118,2528,2500,2402,2419,69196897
20181117,2623,2638,2492,2528,115064330
20181114,2698,2680,2576,2623,86565376
20181113,2690,2790,2631,2698,172819461
20181112,2665,2753,2599,2690,187608072
20181111,2781,2777,2642,2665,233153471
20181110,2910,2930,2765,2781,500494617
20181106,2818,2950,2845,2910,183465713
20181105,2734,2870,2662,2818,244848382
20181104,2738,2863,2602,2734,203839249
20181103,2714,2828,2680,2738,145135778
20181031,2588,2717,2661,2714,262943902
20181029,2472,2595,2555,2588,184134018
20181028,2436,2550,2385,2472,115668533
20181027,2515,2550,2390,2436,133819153
20181024,2599,2648,2470,2515,155914909
20181023,2496,2620,2503,2599,319122872
20181022,2717,2582,2453,2496,356128561
20181021,2602,2719,2663,2717,125254055
20181020,2479,2602,2602,2602,151953390
20181017,2450,2572,2360,2479,357542468
20181016,2334,2450,2401,2450,283535931
20181015,2228,2339,2305,2334,54934759
20181014,2247,2336,2135,2228,150000813
20181013,2327,2320,2211,2247,26210199
20181010,2354,2400,2261,2327,137696387
20181009,2254,2366,2282,2354,269005747
20181008,2347,2357,2230,2254,369047958
20181007,2431,2505,2310,2347,458045966
20181006,2386,2505,2267,2431,601953560
20181003,2274,2387,2313,2386,987416580
20181002,2064,2275,2167,2274,137318804
20180929,1966,2064,2064,2064,7937368
20180926,1873,1966,1930,1966,369442403
20180925,1792,1881,1810,1873,240900172
20180924,1822,1831,1760,1792,175151851
20180923,1746,1833,1742,1822,168120142
20180922,1798,1800,1711,1746,155777487
20180918,1869,1866,1776,1798,241712877
20180917,1782,1871,1820,1869,400494694
20180916,1747,1834,1660,1782,451258490
20180915,1713,1849,1709,1747,384934432
20180912,1632,1713,1713,1713,12086600
20180911,1555,1632,1632,1632,49860246
20180910,1486,1560,1530,1555,72513993
20180909,1420,1491,1460,1486,250062101
20180908,1364,1432,1362,1420,174773215
20180905,1389,1393,1350,1364,80248378
20180904,1412,1427,1376,1389,113968521
20180903,1399,1454,1359,1412,249591276
20180902,1339,1405,1343,1399,751854784
20180901,1276,1339,1335,1339,948773720
20180829,1094,1340,1241,1276,1096516210
20180818,1061,1112,1065,1094,59994605
20180815,1042,1078,1036,1061,46980670
20180814,1066,1069,1025,1042,18533621
20180813,1022,1073,1030,1066,82795761
20180812,1037,1037,1002,1022,26690654
20180811,992,1041,991,1037,170220019
20180808,945,992,992,992,13033431
20180807,904,949,903,945,41723029
20180806,900,929,885,904,66988875
20180805,902,909,895,900,41856565
20180804,904,918,899,902,32712001
20180801,897,922,892,904,25846275
20180731,902,920,887,897,68685848
20180730,921,921,890,902,82735736
20180718,910,940,900,921,54316358
20180717,909,922,908,910,3531814
20180716,908,920,897,909,12921772
20180715,914,920,896,908,18914560
20180714,910,944,905,914,10344538
20180711,917,917,903,910,9012659
20180710,919,929,908,917,5566609
20180708,942,940,914,919,14818518
20180707,925,948,927,942,11295058
20180704,927,940,919,925,5595244
20180703,937,932,920,927,8020735
20180702,931,948,928,937,10281376
20180701,936,942,920,931,27036558
20180630,933,950,925,936,9087911
20180627,934,950,918,933,10323161
20180626,929,955,919,934,14586168
20180625,935,954,915,929,20073970
20180624,938,960,929,935,21484842
20180623,948,956,930,938,29469104
20180620,970,977,930,948,55307247
20180619,969,985,950,970,13427178
20180618,947,986,947,969,15414248
20180617,937,978,936,947,32391452
20180613,933,945,932,937,12722889
20180612,935,940,925,933,4472556
20180611,943,943,923,935,6577822
20180610,945,950,933,943,4090973
20180609,959,950,930,945,7073089
20180603,971,960,937,959,4969450
20180602,906,999,950,971,42948939
20180527,903,918,901,906,9936900
20180526,903,910,900,903,4250807
20180523,904,910,899,903,8998374
20180522,902,912,897,904,17263890
20180521,905,907,896,902,9692142
20180520,908,909,900,905,6844712
20180519,911,911,901,908,5475515
20180516,912,910,905,911,2881942
20180515,913,914,909,912,3742533
20180514,911,915,909,913,12390503
20180513,914,917,905,911,6625663
20180512,914,918,909,914,1890792
20180509,907,930,880,914,21942007
20180508,907,920,904,907,5356151
20180507,907,915,904,907,4883807
20180506,911,910,900,907,9072624
20180505,920,920,900,911,14807919
20180501,923,925,912,920,4858591
20180430,927,925,910,923,5456219
20180429,933,930,912,927,5095320
20180428,935,930,922,933,1941823
20180425,939,940,927,935,6339537
20180424,943,940,928,939,3786280
20180423,945,942,930,943,2478301
20180422,947,946,929,945,2085104
20180421,948,948,940,947,2467015
20180418,948,952,942,948,2526952
20180417,947,950,947,948,4309026
20180416,947,955,943,947,2487853
20180415,949,955,934,947,3057068
20180411,952,955,935,949,3901996
20180410,950,969,945,952,3837364
20180409,981,970,934,950,9854861
20180408,987,971,956,981,2857786
20180407,989,989,968,987,1633395
20180404,994,992,969,989,4522617
20180403,994,998,974,994,1354399
20180328,999,1000,969,994,3491187
20180327,1000,1000,978,999,2090814
20180326,1003,1007,977,1000,5040802
20180325,1003,1010,974,1003,636573
20180319,1001,1014,982,1003,14041470
20180318,979,1009,991,1001,11190966
20180317,947,991,955,979,9541409
20180314,976,974,928,947,35682806
20180313,978,978,967,976,4839913
20180312,983,976,963,978,6041810
20180311,984,984,960,983,2826181
20180310,984,990,970,984,1906090
20180307,987,984,968,984,2520582
20180306,987,990,978,987,5046017
20180305,988,994,976,987,4808596
20180304,993,995,965,988,5075531
20180303,995,1000,979,993,2058619
20180228,988,1010,982,995,4935780
20180227,982,1006,971,988,5520394
20180226,981,990,966,982,5542997
20180225,984,981,970,981,3578835
20180224,986,989,975,984,3980494
20180221,978,998,979,986,6558465
20180219,986,987,967,978,6432080
20180218,1008,1011,978,986,13914343
20180217,1031,1029,990,1008,78688105
20180214,1034,1038,1020,1031,3725856
20180213,1040,1034,1025,1034,4798335
20180212,1045,1045,1030,1040,4691751
20180210,1045,1050,1030,1045,1482074
20180207,1040,1059,1034,1045,4792519
20180206,1039,1068,1026,1040,5514356
20180205,1036,1054,1036,1039,4354533
20180204,1032,1053,1038,1036,2969246
20180203,1030,1050,1018,1032,6350364
20180131,1033,1030,1021,1030,4475526
20180130,1035,1048,1021,1033,3362531
20180129,1036,1038,1021,1035,2083771
20180128,1036,1049,1028,1036,2787175
20180127,1035,1040,1022,1036,4346206
20180124,1058,1059,1016,1035,7614284
20180123,1084,1078,1031,1058,7141019
20180122,1109,1109,1061,1084,7019698
20180121,1162,1160,1104,1109,20432442
20180120,1163,1170,1150,1162,8182918
20180117,1162,1170,1150,1163,9165352
20180116,1163,1173,1155,1162,2428099
20180115,1173,1179,1150,1163,10196841
20180114,1152,1195,1152,1173,29186598
20180113,1147,1175,1144,1152,4623999
20180110,1140,1158,1127,1147,7807856
20180109,1135,1152,1130,1140,4971876
20180108,1112,1143,1105,1135,8332118
20180107,1086,1139,1087,1112,12059244
20180106,1086,1096,1081,1086,1863697
20180103,1086,1093,1080,1086,3969661
20180102,1072,1104,1053,1086,6640428
20180101,1068,1090,1070,1072,4552207
20171231,1098,1100,1046,1068,24147257
20171230,1104,1105,1080,1098,17464846
20171227,1106,1109,1100,1104,5785859
20171226,1110,1115,1100,1106,7218299
20171225,1119,1119,1105,1110,7892425
20171224,1111,1128,1110,1119,11859218
20171223,1118,1133,1100,1111,14476946
20171220,1143,1148,1100,1118,8944573
20171219,1133,1165,1133,1143,7091064
20171218,1084,1138,1090,1133,43963527
20171217,1081,1097,1071,1084,11616578
20171216,1039,1090,1040,1081,17447434
20171213,1004,1054,1005,1039,16034381
20171212,998,1018,999,1004,5175966
20171211,1001,1006,988,998,13293719
20171210,1003,1002,993,1001,5143379
20171209,1004,1007,1000,1003,4476582
20171205,1005,1007,1001,1004,5999666
20171204,1006,1007,1000,1005,4710080
20171203,1007,1008,992,1006,3278353
20171202,1007,1013,1003,1007,6152055
20171129,998,1015,1000,1007,23642957
20171128,995,1005,988,998,7035547
20171126,993,1000,987,995,7824264
20171125,997,998,976,993,5709457
20171122,994,1005,990,997,5575007
20171121,987,1005,996,994,5635088
20171120,980,998,977,987,16989198
20171118,977,993,971,980,4098125
20171115,980,990,965,977,4589412
20171114,986,980,972,980,7125812
20171113,987,990,977,986,3534898
20171112,997,996,978,987,6172061
20171111,1004,1000,990,997,7551716
20171108,1010,1010,999,1004,10242320
20171107,1016,1021,996,1010,11873545
20171106,980,1029,982,1016,17207997
20171105,967,999,978,980,5509847
20171104,951,986,960,967,6849833
20171101,928,969,932,951,15151868
20171031,920,937,920,928,8226458
20171030,926,930,915,920,12007234
20171029,933,938,918,926,13808907
20171028,936,940,929,933,7744666
20171025,937,938,930,936,3686352
20171024,943,940,930,937,7263057
20171023,948,947,933,943,5675230
20171022,948,953,941,948,4199838
20171021,952,956,940,948,7105360
20171018,956,955,943,952,5303023
20171017,964,970,945,956,7426913
20171016,966,970,955,964,7194177
20171015,966,974,953,966,2647264
20171014,965,979,950,966,4048267
20171011,964,979,955,965,6038549
20171010,962,980,953,964,3300142
20171009,965,970,950,962,3088770
20171008,979,971,945,965,6832415
20171007,988,988,965,979,6839425
20171004,987,993,987,988,3407653
20171003,987,994,985,987,3679641
20171002,986,995,981,987,6393748
20170927,984,995,986,986,4832442
20170926,982,992,984,984,4444879
20170925,980,993,981,982,3745228
20170924,971,997,970,980,7514410
20170923,967,989,970,971,4730814
20170920,966,979,960,967,3482554
20170919,966,976,960,966,4662176
20170918,969,980,960,966,8151229
20170917,968,985,953,969,6095769
20170916,969,990,950,968,5483767
20170913,988,986,950,969,8279876
20170912,994,1000,955,988,6035255
20170911,1000,1000,981,994,6817371
20170910,994,1013,994,1000,5892456
20170906,962,1008,966,994,15168987
20170905,953,979,953,962,5811009
20170904,952,964,948,953,6867257
20170903,952,956,948,952,3406731
20170902,952,960,945,952,4569573
20170830,950,970,948,952,5667513
20170829,965,980,940,950,15514560
20170828,974,967,950,965,6896658
20170827,982,970,960,974,3703672
20170826,1001,998,967,982,7901354
20170823,994,1012,991,1001,8376725
20170822,998,1007,974,994,20978513
20170821,1030,1021,979,998,37424828
20170820,1025,1033,1020,1030,15725470
20170718,1016,1035,1010,1025,16721775
20170717,1004,1039,1001,1016,14311335
20170716,991,1030,992,1004,16216610
20170715,946,993,951,991,22866401
20170712,939,969,937,946,8059934
20170711,926,955,921,939,8473812
20170710,920,941,920,926,5005221
20170709,918,932,913,920,3815595
20170708,922,932,909,918,7338367
20170705,920,940,906,922,8842585
20170704,924,940,905,920,4653338
20170703,932,934,910,924,6417144
20170702,934,950,921,932,4254725
20170701,936,941,924,934,2690402
20170628,934,957,925,936,4089114
20170625,934,950,922,934,2695614
20170624,968,973,922,934,24290951
20170621,980,971,959,968,6411282
20170620,991,986,970,980,9396076
20170619,998,998,983,991,5969461
20170618,999,1000,980,998,36840295
20170617,1001,1003,989,999,21720279
20170614,1001,1010,994,1001,12398997
20170613,1003,1005,996,1001,18713964
20170612,1012,1017,1000,1003,11698425
20170611,1010,1024,1003,1012,8533955
20170610,1008,1019,1001,1010,7492455
20170607,1021,1036,998,1008,34289477
20170606,1025,1030,1009,1021,5842993
20170603,1027,1038,1015,1025,4492887
20170531,1021,1040,1015,1027,11216125
20170530,1027,1049,1009,1021,10626357
20170529,1034,1029,1013,1027,4300634
20170528,1041,1035,1018,1034,4460989
20170527,1049,1050,1021,1041,4106946
20170524,1060,1062,1036,1049,6104069
20170523,1056,1070,1043,1060,8783744
20170522,1053,1070,1041,1056,5687890
20170521,1057,1075,1035,1053,10232578
20170520,1055,1078,1045,1057,5441949
20170517,1047,1068,1045,1055,8793145
20170516,1040,1062,1038,1047,5566595
20170515,1031,1063,1020,1040,6523734
20170514,1038,1040,1021,1031,6760831
20170513,1043,1048,1031,1038,5605990
20170510,1049,1054,1034,1043,5300551
20170509,1050,1061,1032,1049,7320409
20170508,1058,1059,1034,1050,3792361
20170507,1044,1079,1031,1058,15825275
20170506,1051,1070,1034,1044,8824817
20170503,1080,1085,1031,1051,17226633
20170502,1099,1090,1055,1080,5838240
20170501,1058,1110,1077,1099,33915975
20170430,1022,1073,1014,1058,16116153
20170429,1012,1030,1010,1022,9568091
20170426,1008,1025,1001,1012,19341726
20170424,1010,1014,1001,1008,10500321
20170423,1016,1020,1000,1010,19309830
20170422,1021,1039,1007,1016,16407103
20170419,1021,1039,1012,1021,7844586
20170418,1022,1033,1015,1021,11047224
20170417,1015,1030,1015,1022,10133964
20170416,1026,1028,1008,1015,31574133
20170415,1032,1038,1019,1026,31163300
20170412,1042,1046,1025,1032,13231760
20170410,1049,1056,1029,1042,38284111
20170409,1074,1089,1035,1049,16896063
20170408,1093,1100,1059,1074,20863948
20170405,1098,1100,1081,1093,6681546
20170404,1100,1106,1085,1098,10473077
20170403,1103,1105,1086,1100,4132734
20170329,1102,1110,1087,1103,7768459
20170328,1098,1109,1085,1102,9855132
20170327,1088,1103,1078,1098,10538055
20170326,1105,1117,1070,1088,8301063
20170325,1105,1118,1083,1105,1637335
20170318,1089,1119,1072,1105,8458997
20170315,1079,1108,1079,1089,8121427
20170314,1064,1110,1049,1079,28207263
20170313,1063,1081,1038,1064,23619997
20170312,1061,1079,1046,1063,11808563
20170311,1044,1080,1025,1061,11975897
20170308,1095,1067,1041,1044,61362532
20170307,1129,1130,1073,1095,19459561
20170306,1132,1142,1103,1129,19024195
20170305,1126,1150,1110,1132,26091805
20170304,1121,1130,1121,1126,10361532
20170301,1117,1130,1119,1121,9710264
20170228,1113,1123,1115,1117,23421979
20170227,1112,1117,1111,1113,10019874
20170226,1099,1140,1100,1112,12515955
20170225,1109,1110,1080,1099,25809693
20170222,1137,1131,1098,1109,22309880
20170221,1138,1145,1127,1137,11126436
20170220,1135,1145,1126,1138,18504128
20170219,1168,1175,1123,1135,40125257
20170218,1186,1182,1150,1168,14020906
20170215,1187,1195,1173,1186,19875584
20170214,1201,1208,1177,1187,9335906
20170213,1204,1210,1190,1201,10133299
20170212,1207,1218,1191,1204,12655730
20170211,1219,1220,1194,1207,22934152
20170208,1229,1238,1195,1219,21951580
20170207,1198,1249,1210,1229,16819641
20170206,1177,1220,1176,1198,27890361
20170205,1163,1193,1159,1177,21637455
20170204,1161,1179,1145,1163,16001664
20170201,1176,1179,1146,1161,12985955
20170131,1145,1200,1148,1176,29074518
20170130,1143,1160,1136,1145,15728635
20170129,1158,1163,1121,1143,24875670
20170128,1211,1190,1151,1158,124087014
20170125,1206,1251,1190,1211,150759356
20170124,1930,1244,1170,1206,131185822
20160717,2376,2430,2360,2413,54364655
20160716,2404,2385,2369,2376,26949529
20160713,2413,2424,2374,2404,26873925
20160712,2385,2435,2390,2413,60002141
20160711,2343,2400,2360,2385,53785129
20160710,2340,2356,2339,2343,38837502
20160709,2320,2357,2320,2340,17445153
20160705,2312,2360,2294,2320,20772703
20160704,2331,2345,2290,2312,11874022
20160703,2330,2355,2312,2331,17619484
20160702,2323,2347,2310,2330,22802659
20160629,2320,2332,2315,2323,16162675
20160628,2318,2332,2310,2320,23098631
20160626,2368,2350,2291,2318,10684117
20160625,2296,2410,2289,2368,28708830
20160622,2264,2313,2277,2296,24128445
20160621,2171,2279,2162,2264,85796097
20160620,2147,2196,2140,2171,9354057
20160619,2176,2176,2130,2147,3927554
20160618,2177,2190,2160,2176,13607913
20160615,2152,2195,2143,2177,18657818
20160614,2175,2189,2127,2152,5741554
20160613,2208,2199,2160,2175,5372694
20160612,2184,2227,2151,2208,21709161
20160611,2232,2244,2150,2184,12063984
20160608,2234,2260,2216,2232,13194588
20160607,2270,2267,2217,2234,4580863
20160606,2250,2299,2240,2270,11234186
20160605,2293,2280,2238,2250,10574478
20160601,2289,2315,2265,2293,10211684
20160531,2271,2324,2260,2289,13395400
20160530,2276,2288,2255,2271,6598086
20160529,2328,2324,2252,2276,6832718
20160528,2326,2335,2320,2328,19860070
20160525,2324,2333,2320,2326,13414303
20160524,2292,2359,2285,2324,21024352
20160523,2270,2315,2271,2292,15220012
20160521,2265,2290,2252,2270,7474389
20160518,2283,2293,2242,2265,7638012
20160517,2268,2320,2237,2283,10594737
20160516,2219,2328,2212,2268,13343041
20160515,2217,2240,2190,2219,20271327
20160514,2197,2248,2175,2217,11198767
20160511,2224,2230,2179,2197,8995688
20160510,2225,2257,2175,2224,29248144
20160509,2197,2263,2179,2225,24297749
20160508,2204,2209,2172,2197,27826529
20160507,2262,2273,2175,2204,19277568
20160504,2309,2290,2250,2262,11068669
20160503,2258,2320,2220,2309,120083997
20160502,2277,2287,2241,2258,17983799
20160501,2288,2315,2262,2277,12078484
20160430,2334,2320,2273,2288,14575816
20160427,2361,2380,2315,2334,9428421
20160426,2398,2400,2338,2361,8994088
20160425,2358,2429,2361,2398,12434394
20160424,2326,2388,2328,2358,12397512
20160423,2350,2370,2310,2326,9365179
20160420,2400,2400,2323,2350,13240085
20160419,2406,2406,2340,2400,101641225
20160418,2354,2440,2378,2406,10829233
20160417,2371,2390,2260,2354,41090213
20160416,2490,2430,2366,2371,23658017
20160413,2496,2496,2400,2490,440951575
20160412,2549,2548,2450,2496,35595688
20160411,2525,2600,2490,2549,28799903
20160410,2547,2560,2455,2525,49762285
20160409,2533,2597,2500,2547,46587708
20160403,2572,2580,2491,2533,38211143
20160402,2563,2615,2540,2572,32683221
20160330,2510,2609,2510,2563,37220601
20160329,2508,2520,2491,2510,25419978
20160328,2498,2534,2450,2508,38105647
20160327,2440,2556,2451,2498,44216051
20160326,2338,2454,2360,2440,14755815
20160316,2377,2398,2310,2338,40228832
20160315,2412,2419,2350,2377,32769727
20160314,2415,2445,2390,2412,35339204
20160312,2365,2453,2357,2415,46219034
20160309,2366,2387,2310,2365,51283195
20160308,2408,2430,2326,2366,45983662
20160307,2312,2427,2302,2408,104951984
20160306,2302,2349,2255,2312,65430395
20160305,2339,2340,2282,2302,35943327
20160302,2354,2357,2320,2339,29926645
20160301,2317,2400,2327,2354,30247598
20160229,2351,2348,2265,2317,36821805
20160228,2389,2398,2322,2351,38647180
20160227,2388,2419,2371,2389,30610597
20160224,2377,2410,2360,2388,38752041
20160223,2422,2425,2350,2377,41412339
20160222,2358,2457,2363,2422,84010968
20160221,2418,2428,2324,2358,79246984
20160220,2303,2418,2401,2418,491308898
20160217,2245,2352,2200,2303,69308734
20160216,2304,2304,2210,2245,37046265
20160215,2241,2350,2230,2304,52668877
20160214,2236,2281,2211,2241,36275127
20160213,2300,2328,2187,2236,44087993
20160210,2400,2370,2280,2300,90686024
20160209,2304,2419,2270,2400,224886837
20160208,2228,2322,2251,2304,95756964
20160207,2172,2257,2180,2228,75333238
20160206,2167,2193,2155,2172,27970570
20160203,2211,2188,2150,2167,24434385
20160202,2227,2259,2166,2211,34249533
20160201,2185,2250,2196,2227,37487570
20160131,2273,2235,2165,2185,34536481
20160130,2251,2310,2230,2273,57603006
20160127,2231,2295,2219,2251,59750694
20160126,2189,2280,2190,2231,70931526
20160125,2230,2229,2145,2189,58874712
20160124,2173,2273,2181,2230,64716733
20160123,2081,2185,2103,2173,138537472
20160120,2080,2093,2065,2081,36247550
20160119,2026,2099,2058,2080,34197167
20160118,2065,2074,1971,2026,38700278
20160117,2135,2170,2029,2065,99481493
20160116,2078,2169,2101,2135,82409172
20160113,1998,2095,2020,2078,83690735
20160112,1940,2032,1945,1998,59826947
20160111,1924,1955,1922,1940,29633545
20160110,1950,1942,1911,1924,18215619
20160109,1954,1983,1930,1950,22193288
20160106,1914,1985,1910,1954,63388732
20160105,1909,1927,1898,1914,22160161
20160104,1917,1927,1897,1909,10810451
20160103,1939,1928,1913,1917,6326788
20160102,1943,1957,1931,1939,11547404
20151230,1943,1955,1916,1943,43670732
20151228,1937,1951,1910,1943,54401503
20151227,1936,1955,1906,1937,63955400
20151226,1937,1939,1903,1936,37827220
20151223,1933,1948,1900,1937,44436017
20151222,1925,1944,1899,1933,50355032
20151221,1928,1930,1894,1925,34773729
20151220,1923,1936,1886,1928,36456544
20151219,1944,1945,1880,1923,14950077
20151216,1940,1951,1925,1944,34549541
20151215,1932,1949,1915,1940,44285085
20151214,1931,1937,1902,1932,37297625
20151213,1929,1938,1892,1931,31908295
20151209,1900,1937,1892,1929,33205633
20151208,1941,1911,1890,1900,8005525
20151207,1946,1951,1908,1941,39113566
20151206,1924,1958,1901,1946,28796418
20151205,1939,1938,1907,1924,5097494
20151201,1939,1943,1902,1939,35643307
20151130,1934,1947,1891,1939,37071938
20151129,1948,1949,1890,1934,31655555
20151128,1950,1958,1909,1948,27948737
20151125,1949,1958,1918,1950,26416399
20151124,1941,1959,1925,1949,29373672
20151123,1961,1940,1925,1941,3500686
20151122,1939,1972,1920,1961,28343181
20151121,1935,1947,1920,1939,23480858
20151118,1960,1949,1927,1935,4383909
20151117,1962,1967,1936,1960,27284435
20151116,1969,1976,1938,1962,35537974
20151115,1969,1978,1935,1969,26644984
20151114,1972,1980,1945,1969,21060181
20151111,1974,1989,1950,1972,16787502
20151110,1987,1992,1957,1974,13585637
20151109,1985,1997,1951,1987,11771870
20151108,1990,1996,1955,1985,16708872
20151107,1990,1999,1966,1990,16221716
20151104,1981,1999,1960,1990,9661164
20151103,1992,2000,1954,1981,9324160
20151102,1992,1999,1977,1992,7439352
20151101,1996,2005,1975,1992,9249842
20151031,1991,2010,1976,1996,10622156
20151028,1989,2010,1966,1991,9898445
20151027,1964,2018,1961,1989,15394018
20151026,1940,2010,1910,1964,23937852
20151025,1992,1999,1903,1940,23294681
20151021,2012,2025,1970,1992,19045164
20151020,2021,2038,1985,2012,14902910
20151019,2039,2050,1977,2021,19931989
20151018,2026,2097,1990,2039,32542494
20151017,1954,2051,1901,2026,40304404
20151014,1904,1985,1930,1954,17794246
20151013,1896,1938,1870,1904,10960747
20151012,1868,1944,1868,1896,10032786
20151011,1871,1889,1850,1868,10446869
20151010,1862,1890,1853,1871,7584138
20151007,1859,1869,1857,1862,6222467
20151006,1859,1870,1847,1859,13234507
20151005,1851,1870,1846,1859,9042597
20151004,1845,1862,1826,1851,16210133
20151003,1882,1884,1816,1845,13433636
20150930,1898,1898,1866,1882,5053997
20150929,1899,1915,1889,1898,3982643
20150928,1899,1925,1885,1899,5207016
20150927,1892,1915,1870,1899,6830979
20150926,1910,1924,1880,1892,6448912
20150923,1884,1930,1905,1910,3928270
20150922,1859,1919,1855,1884,14793734
20150921,1880,1900,1827,1859,16938410
20150920,1933,1948,1859,1880,15165454
20150919,1921,1959,1919,1933,8369150
20150916,1911,1938,1911,1921,11139932
20150915,1954,1978,1890,1911,17240963
20150914,1973,1992,1925,1954,10557054
20150913,2036,2019,1956,1973,9739576
20150912,2024,2059,2015,2036,7498626
20150909,2029,2049,2011,2024,10906842
20150908,2044,2051,2017,2029,6127441
20150907,2035,2051,2022,2044,29445874
20150906,2030,2070,2021,2035,9369572
20150905,2000,2051,2000,2030,19315914
20150902,1997,2020,1988,2000,21501146
20150901,1981,2010,1980,1997,10161063
20150831,2003,1997,1970,1981,3863814
20150830,2007,2028,1990,2003,7173579
20150829,1975,2028,1983,2007,24255720
20150826,1960,1991,1959,1975,9318635
20150825,1998,1997,1940,1960,19880192
20150824,2010,2020,1980,1998,9444748
20150823,2008,2025,2000,2010,11415002
20150822,2004,2025,2000,2008,12167980
20150819,2024,2020,1996,2004,32204827
20150818,2055,2055,2000,2024,50026777
20150817,2060,2070,2042,2055,7643066
20150816,2071,2090,2046,2060,10274736
20150815,2081,2095,2041,2071,13616861
20150812,2122,2125,2055,2081,24633417
20150810,2292,2150,2100,2122,33751745
20150720,2427,2420,2333,2382,37393639
20150715,2539,2520,2413,2427,47617846
20150714,2593,2650,2480,2539,61971244
20150713,2513,2630,2542,2593,79075092
20150712,2480,2545,2493,2513,22969074
20150711,2497,2520,2401,2480,18963518
20150707,2466,2529,2471,2497,77113352
20150706,2465,2498,2434,2466,35226045
20150705,2491,2496,2431,2465,41255987
20150704,2403,2523,2411,2491,50854780
20150701,2412,2450,2382,2403,21650649
20150630,2366,2440,2387,2412,26192262
20150629,2364,2395,2322,2366,8848030
20150628,2407,2440,2338,2364,4396715
20150627,2390,2430,2360,2407,7645519
20150624,2412,2411,2350,2390,11593591
20150623,2375,2450,2386,2412,22078116
20150622,2332,2402,2299,2375,13488220
20150621,2336,2360,2294,2332,5781028
20150620,2347,2399,2294,2336,13189283
20150617,2243,2355,2300,2347,36892042
20150616,2203,2289,2180,2243,7677442
20150615,2230,2244,2177,2203,5757371
20150614,2212,2280,2170,2230,7655371
20150613,2130,2236,2160,2212,13937429
20150610,2061,2164,2075,2130,7199742
20150609,2090,2092,2021,2061,7951848
20150608,2136,2139,2051,2090,5955587
20150607,2165,2158,2121,2136,3665734
20150606,2184,2190,2112,2165,3552595
20150602,2198,2198,2178,2184,9434044
20150601,2199,2205,2186,2198,5450103
20150531,2227,2223,2188,2199,5532390
20150530,2229,2235,2202,2227,6784008
20150527,2241,2240,2205,2229,8339282
20150526,2253,2268,2200,2241,10363263
20150525,2250,2276,2225,2253,7355695
20150524,2248,2270,2211,2250,7183701
20150523,2302,2310,2210,2248,8718305
20150520,2308,2320,2280,2302,3502672
20150519,2311,2330,2290,2308,6164410
20150518,2294,2338,2280,2311,6169564
20150517,2327,2348,2244,2294,6780042
20150513,2332,2370,2290,2327,5694060
20150512,2278,2369,2290,2332,15326788
20150511,2238,2301,2230,2278,8659846
20150510,2237,2280,2161,2238,9688004
20150509,2304,2299,2212,2237,9775764
20150506,2292,2380,2272,2304,6911272
20150505,2268,2320,2269,2292,9224351
20150504,2330,2339,2237,2268,11347536
20150503,2400,2389,2304,2330,12167057
20150429,2398,2437,2380,2400,4086696
20150428,2382,2428,2371,2398,5922652
20150427,2433,2430,2350,2382,9043221
20150426,2439,2470,2395,2433,5089429
20150425,2411,2453,2416,2439,8224371
20150422,2377,2430,2390,2411,8049182
20150421,2378,2410,2335,2377,18360049
20150420,2430,2450,2356,2378,8491842
20150419,2409,2474,2380,2430,16531092
20150418,2467,2489,2369,2409,24774320
20150415,2511,2520,2421,2467,23203027
20150414,2502,2540,2492,2511,18285316
20150413,2564,2600,2463,2502,48368626
20150412,2664,2645,2558,2564,49427585
20150411,2654,2729,2600,2664,64975610
20150408,2561,2663,2530,2654,75830040
20150407,2528,2600,2503,2561,62378483
20150406,2434,2531,2486,2528,274739159
20150405,2341,2434,2434,2434,6019000
20150404,2255,2345,2345,2341,4242043
20150331,2234,2294,2176,2255,22018160
20150330,2277,2297,2186,2234,24696004
20150329,2192,2279,2223,2277,67528221
20150328,2154,2240,2145,2192,31449320
20150325,2137,2168,2132,2154,7331674
20150318,2059,2141,2081,2137,47631062
20150317,2129,2090,2044,2059,13020907
20150316,2129,2169,2090,2129,24421057
20150315,2049,2130,2110,2129,45753133
20150314,1977,2056,1975,2049,44527666
20150311,1975,1998,1955,1977,15582298
20150310,1966,1985,1941,1975,15077908
20150309,1963,1979,1940,1966,9776094
20150308,1988,1975,1939,1963,3550106
20150307,1949,1990,1933,1988,98111436
20150304,1953,1969,1932,1949,6879277
20150303,1954,1960,1930,1953,26186314
20150302,1939,1980,1930,1954,5058167
20150301,1955,1965,1919,1939,4782397
20150228,1968,1970,1930,1955,2876903
20150225,2004,1965,1945,1968,3654107
20150224,1978,2017,1950,2004,13638431
20150223,1982,1999,1953,1978,2138711
20150222,2026,2017,1955,1982,5220766
20150221,1994,2042,2000,2026,11096847
20150218,2004,1980,1949,1994,2780534
20150217,2015,2020,1960,2004,4123121
20150216,2023,2028,1976,2015,3296994
20150215,2018,2039,1990,2023,8363767
20150214,2014,2038,1985,2018,7500085
20150210,1989,2028,1963,2014,14343490
20150209,2032,2031,1951,1989,8360575
20150208,2049,2026,1993,2032,4894848
20150207,2049,2070,2030,2049,8231477
20150204,2044,2070,2040,2049,4812166
20150203,2044,2064,2032,2044,38961581
20150202,2040,2078,2035,2044,5235889
20150201,2033,2080,2001,2040,11350063
20150131,2005,2076,2005,2033,6296879
20150128,1979,2049,1970,2005,9592742
20150127,1937,1995,1918,1979,18616639
20150126,1940,1950,1905,1937,4278941
20150125,1933,1976,1916,1940,4355819
20150124,1893,1964,1885,1933,14031611
20150121,1919,1940,1843,1893,10327765
20150120,1944,1950,1880,1919,10974286
20150119,1986,1950,1907,1944,7660091
20150118,2004,1997,1945,1986,5286975
20150117,2000,2035,1971,2004,7180181
20150114,2012,1990,1956,2000,3788944
20150113,2020,2046,1946,2012,32945557
20150112,1949,2026,1957,2020,19895200
20150111,2005,2000,1925,1949,18804163
20150110,2056,2060,1974,2005,15397783
20150107,2042,2087,2010,2056,40673510
20150106,2079,2100,2006,2042,16946910
20150105,2090,2099,2035,2079,6019614
20150104,2095,2136,2065,2090,5522211
20150103,2099,2120,2072,2095,3897064
20141231,2106,2110,2070,2099,2954190
20141230,2113,2125,2086,2106,11094807
20141229,2117,2124,2071,2113,30548771
20141228,2116,2127,2110,2117,17698606
20141227,2144,2129,2071,2116,6994102
20141224,2154,2159,2103,2144,3150421
20141222,2112,2174,2139,2154,27186650
20141220,2085,2160,2089,2112,19238526
20141217,2039,2104,2041,2085,13147190
20141216,2001,2081,2001,2039,7490148
20141215,2083,2050,2000,2001,45654476
20141214,2121,2119,2039,2083,6129775
20141210,2120,2185,2070,2121,5459934
20141209,2113,2150,2100,2120,8310476
20141208,2042,2123,2056,2113,19383029
20141207,2071,2071,2008,2042,8444122
20141206,2057,2080,2012,2071,20941845
20141203,2072,2100,2016,2057,13636414
20141202,2056,2135,2058,2072,6703031
20141201,2079,2130,2008,2056,26301606
20141130,2160,2169,2074,2079,43565379
20141129,2225,2250,2136,2160,55856398
20141126,2317,2225,2225,2225,26175865
20141125,2413,2317,2317,2317,12527832
20141124,2333,2426,2350,2413,71663029
20141123,2270,2360,2275,2333,34275665
20141122,2259,2298,2238,2270,11169345
20141119,2271,2279,2222,2259,11800464
20141118,2275,2300,2244,2271,17029836
20141117,2248,2292,2248,2275,18375699
20141116,2217,2288,2225,2248,20475664
20141115,2295,2255,2204,2217,42129169
20141112,2308,2318,2275,2295,25322749
20141111,2302,2339,2266,2308,36753568
20141110,2301,2330,2271,2302,32039015
20141109,2290,2350,2236,2301,39358599
20141108,2325,2355,2244,2290,45640921
20141105,2249,2338,2251,2325,101313763
20141102,2163,2249,2247,2249,329391008
20141101,2080,2163,2163,2163,11980954
20141027,2093,2103,2051,2080,22936154
20141026,2109,2109,2075,2093,19162857
20141025,2107,2147,2092,2109,24024551
20141022,2030,2111,2065,2107,108395092
20141021,1952,2030,2020,2030,211593492
20141006,1936,1980,1940,1952,25396818
20141004,1929,1997,1950,1936,2187651
20141001,1917,1970,1913,1929,6644075
20140930,1909,1949,1890,1917,6856542
20140929,1902,1935,1880,1909,6887993
20140928,1902,1916,1881,1902,5529159
20140927,1905,1898,1882,1902,2074744
20140924,1907,1899,1886,1905,1117328
20140923,1908,1909,1885,1907,1115186
20140922,1909,1919,1885,1908,1291984
20140921,1909,1915,1888,1909,2154863
20140920,1909,1913,1890,1909,1971586
20140917,1913,1913,1881,1909,2242489
20140916,1920,1919,1881,1913,2959792
20140915,1922,1925,1890,1920,4290854
20140914,1931,1940,1883,1922,8801796
20140913,1941,1932,1910,1931,4776795
20140910,1945,1947,1910,1941,2583438
20140909,1947,1969,1930,1945,2806930
20140908,1948,1985,1915,1947,6942801
20140907,1958,1955,1918,1948,4288099
20140906,1956,1980,1940,1958,11592390
20140903,1974,1959,1931,1956,8437038
20140902,1991,1989,1950,1974,5572383
20140901,1994,1994,1964,1991,22943238
20140831,2001,1994,1960,1994,4574561
20140830,2011,2012,1951,2001,10564993
20140827,2065,2040,1991,2011,16099997
20140826,2072,2060,2040,2065,2905745
20140825,2077,2070,2040,2072,2211543
20140824,2087,2068,2031,2077,2814646
20140823,2092,2096,2055,2087,9546550
20140820,2090,2095,2050,2092,12029084
20140819,2093,2105,2060,2090,10383583
20140818,2083,2097,2060,2093,28824668
20140817,2096,2090,2051,2083,7006051
20140816,2107,2109,2060,2096,14455734
20140813,2110,2105,2096,2107,3263765
20140812,2100,2121,2100,2110,13057642
20140811,2100,2120,2090,2100,14980338
20140810,2111,2115,2087,2100,17923650
20140809,2123,2129,2092,2111,11631749
20140806,2114,2150,2100,2123,5659753
20140805,2110,2148,2090,2114,8495366
20140804,2113,2129,2090,2110,15801674
20140803,2127,2120,2081,2113,6371547
20140802,2135,2149,2101,2127,8226781
20140728,2143,2143,2111,2135,6118896
20140727,2150,2151,2118,2143,9859131
20140726,2143,2179,2136,2150,6416916
20140723,2126,2175,2131,2143,8859534
20140716,2431,2489,2410,2456,33559610
20140715,2374,2460,2386,2431,22104663
20140714,2369,2400,2340,2374,7115553
20140713,2377,2390,2334,2369,5404234
20140712,2376,2397,2334,2377,4690405
20140709,2385,2400,2330,2376,9087910
20140708,2297,2388,2303,2385,37253330
20140707,2294,2350,2279,2297,4680850
20140706,2314,2346,2250,2294,9711332
20140705,2229,2318,2250,2314,12115865
20140702,2205,2289,2256,2229,4303491
20140701,2170,2256,2130,2205,8304786
20140630,2162,2201,2091,2170,9118295
20140629,2226,2230,2137,2162,12873818
20140628,2246,2250,2179,2226,6771482
20140625,2234,2260,2200,2246,14690785
20140624,2245,2249,2200,2234,7078852
20140623,2266,2277,2198,2245,5007394
20140622,2273,2282,2231,2266,5898696
20140621,2273,2300,2260,2273,2826907
20140618,2257,2325,2250,2273,7317998
20140617,2258,2287,2232,2257,7714554
20140616,2256,2298,2239,2258,3733007
20140615,2280,2245,2200,2256,4331394
20140614,2335,2297,2242,2280,7670343
20140611,2345,2319,2285,2335,2547473
20140610,2351,2349,2291,2345,1847307
20140609,2355,2378,2310,2351,9607501
20140608,2297,2388,2280,2355,12963225
20140607,2293,2325,2280,2297,6434560
20140603,2294,2337,2271,2293,13205890
20140602,2292,2307,2266,2294,9548671
20140601,2326,2330,2252,2292,8014792
20140531,2345,2339,2306,2326,7366689
20140528,2362,2345,2310,2345,5357481
20140526,2377,2350,2320,2362,4767278
20140525,2406,2450,2345,2377,17701272
20140524,2416,2429,2376,2406,7028241
20140521,2385,2440,2400,2416,10020389
20140520,2343,2419,2369,2385,11823959
20140519,2318,2371,2320,2343,10449761
20140518,2327,2350,2280,2318,12830887
20140517,2377,2336,2296,2327,9076430
20140514,2380,2410,2330,2377,16526152
20140512,2395,2396,2341,2380,6077004
20140511,2421,2440,2342,2395,9484771
20140510,2359,2450,2361,2421,17764273
20140507,2359,2369,2350,2359,7957523
20140506,2364,2400,2330,2359,26436527
20140505,2365,2400,2321,2364,11358620
20140504,2385,2385,2312,2365,6076128
20140503,2390,2420,2350,2385,5437047
20140430,2388,2430,2360,2390,5755218
20140429,2418,2418,2360,2388,8338035
20140428,2449,2411,2376,2418,6380067
20140427,2447,2496,2400,2449,12130148
20140426,2359,2453,2390,2447,20812535
20140423,2357,2387,2342,2359,7895316
20140422,2344,2410,2348,2357,11098878
20140421,2328,2382,2330,2344,10220880
20140420,2312,2375,2333,2328,4881915
20140419,2333,2356,2255,2312,4406513
20140416,2320,2380,2330,2333,3661468
20140415,2303,2375,2300,2320,5763292
20140414,2325,2350,2260,2303,16171583
20140413,2420,2359,2324,2325,22493563
20140412,2450,2490,2371,2420,11628532
20140409,2458,2495,2409,2450,5704127
20140408,2453,2496,2410,2458,11486605
20140407,2452,2497,2420,2453,10702388
20140406,2507,2490,2420,2452,20773675
20140405,2519,2540,2480,2507,8034576
20140331,2506,2552,2510,2519,10620568
20140330,2488,2517,2450,2506,10342449
20140329,2498,2510,2427,2488,7350013
20140326,2516,2547,2437,2498,7978168
20140325,2544,2558,2452,2516,9235741
20140319,2552,2579,2490,2544,23907661
20140318,2533,2599,2500,2552,42591592
20140317,2490,2560,2500,2533,24342950
20140316,2489,2539,2422,2490,339385643
20140315,2450,2500,2427,2489,142598655
20140312,2385,2480,2370,2450,210379167
20140311,2376,2451,2321,2385,26043366
20140310,2326,2409,2270,2376,48285908
20140309,2324,2349,2249,2326,20690366
20140308,2247,2336,2281,2324,61340558
20140305,2161,2247,2204,2247,247070866
20140304,2082,2165,2120,2161,21128285
20140303,2104,2130,2070,2082,109007634
20140210,2619,2645,2515,2543,23863835
20140209,2609,2680,2586,2619,6894428
20140208,2643,2710,2540,2609,23756742
20140205,2743,2737,2634,2643,18210244
20140204,2748,2780,2684,2743,3345945
20140203,2748,2800,2651,2748,63810786
20140202,2851,2835,2737,2748,16896652
20140201,2752,2862,2800,2851,37816831
20140129,2678,2785,2710,2752,9304133
20140128,2576,2679,2629,2678,30472954
20140127,2659,2690,2553,2576,14802487
20140126,2759,2790,2649,2659,27852787
20140125,2708,2810,2705,2759,10689897
20140122,2765,2769,2660,2708,8213354
20140121,2706,2814,2650,2765,10575195
20140120,2785,2800,2674,2706,39273872
20140118,2782,2838,2750,2785,8295933
20140115,2855,2840,2750,2782,10158994
20140114,2836,2900,2801,2855,21217250
20140113,2727,2836,2780,2836,68923330
20140112,2832,2850,2719,2727,49587401
20140111,2800,2875,2800,2832,14574960
20140108,2882,2909,2767,2800,36681778
20140107,2909,2945,2851,2882,12414816
20140106,2951,2970,2885,2909,11443173
20140105,2924,3000,2900,2951,57457789
20140104,2990,3029,2881,2924,34615239
20140101,2990,3040,2953,2990,13435640
20131230,2993,3030,2891,2990,22461757
20131229,2972,3010,2943,2993,28610303
20131228,3003,3010,2940,2972,18071261
20131225,3051,3040,2996,3003,51955762
20131224,3069,3144,2998,3051,156111824
20131222,3171,3169,3052,3069,53950032
20131221,3098,3211,3120,3171,17583440
20131218,3029,3150,3030,3098,54315623
20131217,3040,3090,3001,3029,12230615
20131216,3003,3097,2980,3040,16578671
20131215,2942,3030,2970,3003,14036217
20131214,3023,2997,2910,2942,23110825
20131211,3001,3080,2960,3023,24004212
20131210,2900,3016,2890,3001,43566533
20131209,2909,2938,2864,2900,20930976
20131208,2924,2960,2861,2909,18448370
20131207,2890,2950,2880,2924,9359198
20131204,2925,2959,2856,2890,15595775
20131203,2975,3020,2861,2925,21568767
20131202,3030,3088,2911,2975,43144230
20131201,3130,3089,3005,3030,9171568
20131130,3099,3187,3080,3130,65102726
20131127,3001,3121,2950,3099,67576467
20131126,3042,3110,2940,3001,34169200
20131125,2954,3072,2932,3042,141026831
20131124,2841,2954,2954,2954,148441856
20131123,2736,2845,2740,2841,78081594
20131120,2697,2799,2690,2736,19840929
20131119,2681,2749,2661,2697,21270917
20131118,2621,2725,2580,2681,14207619
20131117,2717,2670,2609,2621,20908385
20131116,2785,2780,2680,2717,21736275
20131112,2815,2830,2726,2785,13151312
20131111,2831,2868,2770,2815,23336596
20131110,2819,2890,2731,2831,28096344
20131109,2711,2819,2815,2819,152463734
20131106,2696,2803,2602,2711,29712211
20131105,2760,2780,2650,2696,23533222
20131104,2784,2801,2681,2760,20243616
20131103,2693,2800,2701,2784,44678899
20131102,2610,2714,2580,2693,44014726
20131030,2635,2650,2568,2610,17650874
20131029,2537,2638,2581,2635,79402212
20131028,2455,2553,2480,2537,32053899
20131027,2513,2539,2413,2455,10217561
20131026,2418,2514,2490,2513,40284127
20131023,2344,2437,2321,2418,17829919
20131022,2362,2370,2301,2344,10463714
20131021,2383,2420,2288,2362,7617875
20131020,2480,2419,2381,2383,18895018
20131019,2389,2484,2400,2480,16108185
20131015,2309,2401,2272,2389,30911000
20131014,2350,2358,2276,2309,8235919
20131013,2375,2399,2280,2350,11086605
20131012,2387,2396,2334,2375,8575619
20131009,2368,2410,2344,2387,8228257
20131008,2397,2400,2320,2368,5067655
20131007,2398,2480,2350,2397,6274772
20131006,2427,2404,2331,2398,5191454
20131005,2464,2411,2370,2427,4515988
20131002,2437,2522,2390,2464,10850242
20131001,2371,2465,2400,2437,9606804
20130930,2468,2399,2370,2371,16489079
20130929,2532,2540,2431,2468,21036742
20130928,2452,2550,2480,2532,16105488
20130925,2465,2497,2370,2452,12054002
20130924,2532,2535,2431,2465,9331526
20130923,2467,2560,2467,2532,16805050
20130922,2495,2530,2396,2467,18592134
20130921,2411,2507,2401,2495,28821203
20130918,2327,2420,2330,2411,19181115
20130917,2260,2350,2265,2327,9389785
20130916,2259,2330,2191,2260,14166101
20130915,2197,2284,2205,2259,14413282
20130914,2185,2260,2121,2197,10043055
20130911,2139,2219,2143,2185,8883256
20130910,2058,2140,2101,2139,32130221
20130909,2052,2099,2000,2058,15795206
20130908,2136,2100,2051,2052,44564991
20130907,2225,2136,2136,2136,10585984
20130904,2226,2137,2137,2225,143783
20130903,2318,2226,2226,2226,10544205
20130901,2320,2228,2228,2318,206755
20130831,2321,2229,2229,2320,72201
20130828,2323,2231,2231,2321,244846
20130827,2387,2450,2292,2323,12424676
20130826,2392,2472,2335,2387,9418375
20130825,2354,2440,2350,2392,13384043
20130824,2319,2400,2252,2354,14526914
20130821,2412,2388,2316,2319,54752364
20130820,2487,2511,2388,2412,17381967
20130819,2442,2538,2366,2487,33000852
20130818,2531,2570,2430,2442,35392008
20130817,2502,2600,2480,2531,53695030
20130814,2603,2550,2499,2502,54591541
20130813,2563,2665,2470,2603,38520100
20130812,2466,2564,2526,2563,63150850
20130811,2383,2478,2390,2466,27842293
20130807,2297,2388,2301,2383,28870118
20130806,2266,2340,2220,2297,30911044
20130805,2288,2322,2201,2266,41779819
20130804,2232,2321,2200,2288,41377485
20130803,2150,2236,2170,2232,62273883
20130731,2068,2150,2150,2150,10271346
20130729,1995,2074,2021,2068,22171742
20130728,1885,2035,1930,1995,57018039
20130710,1975,2054,2054,2045,8775648
20130709,1906,1982,1910,1975,29478324
20130708,1837,1910,1812,1906,82564997
20130707,1900,1920,1824,1837,55669115
20130706,1829,1902,1860,1900,68485389
20130703,1759,1829,1829,1829,9920000
20130702,1682,1799,1704,1759,43674231
20130626,1691,1722,1640,1682,26017140
20130625,1730,1738,1662,1691,28465341
20130623,1665,1731,1700,1730,182228452
20130622,1601,1665,1665,1665,30874410
20130619,1543,1604,1551,1601,52027138
20130618,1484,1543,1538,1543,28937637
20130617,1427,1484,1484,1484,69096991
20130616,1373,1427,1427,1427,21676369
20130615,1321,1373,1340,1373,29982200
20130612,1323,1330,1310,1321,2628423
20130611,1323,1329,1321,1323,1846012
20130610,1324,1330,1305,1323,2492554
20130609,1325,1328,1318,1324,3166302
20130608,1326,1332,1320,1325,10225598
20130603,1324,1340,1302,1326,2838416
20130602,1324,1333,1317,1324,1585711
20130601,1324,1333,1302,1324,3841366
20130529,1324,1330,1316,1324,3137436
20130528,1325,1339,1310,1324,3548523
20130527,1324,1330,1320,1325,3397944
20130526,1322,1339,1311,1324,3172458
20130525,1322,1338,1310,1322,1114233
20130522,1334,1334,1302,1322,14901156
20130521,1335,1343,1329,1334,2491719
20130520,1338,1350,1315,1335,3089654
20130519,1336,1374,1310,1338,4218366
20130518,1323,1375,1330,1336,3114571
20130515,1287,1338,1301,1323,7427392
20130514,1280,1329,1296,1287,2422796
20130513,1268,1316,1291,1280,3145546
20130512,1257,1307,1261,1268,3396089
20130511,1249,1270,1251,1257,7093937
20130508,1248,1255,1249,1249,3257734
20130507,1247,1255,1247,1248,4923923
20130506,1245,1250,1239,1247,13409648
20130505,1244,1255,1235,1245,5765241
20130504,1239,1280,1239,1244,5868617
20130501,1236,1240,1237,1239,14608117
20130430,1235,1241,1232,1236,5012721
20130429,1234,1239,1234,1235,3956535
20130428,1233,1237,1227,1234,7466044
20130427,1232,1238,1200,1233,6096040
20130424,1231,1243,1230,1232,2618107
20130423,1231,1234,1229,1231,3345762
20130422,1232,1232,1229,1231,3182947
20130421,1234,1237,1229,1232,5981876
20130420,1234,1237,1225,1234,4878291
20130417,1238,1240,1200,1234,12803157
20130416,1237,1240,1230,1238,15025161
20130415,1235,1239,1234,1237,9766152
20130413,1233,1239,1230,1235,8911129
20130410,1231,1238,1229,1233,7595989
20130409,1228,1241,1229,1231,4774946
20130408,1216,1240,1223,1228,8033889
20130407,1236,1234,1195,1216,7203533
20130406,1233,1269,1230,1236,2786773
20130403,1194,1241,1194,1233,32091809
20130331,1193,1219,1200,1194,1115822
20130330,1198,1200,1171,1193,10193094
20130327,1198,1209,1187,1198,2234307
20130326,1197,1230,1200,1198,806764
20130325,1194,1233,1195,1197,1165544
20130318,1189,1198,1180,1194,12659327
20130317,1194,1197,1172,1189,69976618
20130316,1193,1211,1187,1194,38638265
20130313,1193,1199,1188,1193,3588693
20130312,1190,1205,1180,1193,11913852
20130311,1190,1194,1185,1190,3979749
20130310,1190,1200,1190,1190,9229645
20130309,1193,1195,1180,1190,10828074
20130306,1225,1210,1176,1193,8739374
20130305,1213,1261,1165,1225,19162226
20130304,1172,1218,1172,1213,22386003
20130303,1171,1178,1153,1172,5600784
20130302,1171,1180,1153,1171,2422061
20130227,1171,1180,1142,1171,6924041
20130226,1170,1188,1157,1171,1672071
20130225,1158,1175,1140,1170,12898942
20130224,1160,1179,1140,1158,19821591
20130223,1158,1170,1145,1160,8408738
20130220,1154,1198,1154,1158,4194676
20130219,1139,1183,1160,1154,4043835
20130218,1126,1171,1111,1139,5908078
20130217,1119,1135,1101,1126,8824368
20130216,1110,1130,1100,1119,11707870
20130213,1119,1120,1094,1110,6776021
20130212,1119,1128,1100,1119,4902337
20130211,1110,1130,1100,1119,7611963
20130209,1095,1120,1091,1110,7859994
20130206,1093,1098,1093,1095,6905916
20130205,1091,1099,1072,1093,6390614
20130204,1089,1098,1070,1091,12773631
20130203,1088,1100,1060,1089,4389547
20130202,1078,1100,1085,1088,5496792
20130130,1073,1080,1070,1078,10860265
20130128,1066,1085,1054,1073,14908045
20130127,1059,1070,1050,1066,23540354
20130126,1041,1075,1020,1059,10311281
20130123,1015,1051,1016,1041,14970006
20130122,1014,1019,1012,1015,35374036
20130121,1015,1018,999,1014,25616781
20130120,1015,1017,1008,1015,8743479
20130119,1015,1020,1010,1015,10499212
20130116,1013,1019,1010,1015,20949677
20130115,1015,1017,1001,1013,14443131
20130114,1015,1018,1010,1015,13926094
20130113,1014,1020,1005,1015,9861242
20130109,1013,1019,1010,1014,7281277
20130108,1010,1018,1001,1013,9367116
20130107,1008,1013,1004,1010,7793459
20130106,1006,1020,1000,1008,6136764
20130102,1005,1022,999,1006,5521021
20130101,1037,1026,999,1005,13982959
20121231,1065,1065,1023,1037,17972027
20121230,1031,1072,1045,1065,44939987
20121229,1005,1045,999,1031,36273079
20121226,1003,1020,1000,1005,16207018
20121225,1005,1009,997,1003,14390236
20121224,1005,1010,1000,1005,13995391
20121223,1005,1012,1000,1005,21370074
20121222,1004,1015,1001,1005,11308290
20121219,1009,1010,1000,1004,9586368
20121218,1014,1011,1001,1009,107887080
20121217,1021,1020,1002,1014,5770854
20121216,1026,1030,1000,1021,20376512
20121215,1026,1030,1021,1026,4199319
20121212,1015,1040,1018,1026,10272055
20121211,1011,1018,1011,1015,14806073
20121210,1010,1014,1004,1011,13803673
20121209,1007,1013,1000,1010,12142349
20121208,1012,1018,990,1007,7892087
20121205,1012,1016,1006,1012,11490665
20121204,1011,1014,1005,1012,17987363
20121203,1012,1015,1001,1011,10048944
20121202,1011,1017,999,1012,14223856
20121201,1010,1019,1001,1011,18723260
20121128,1013,1020,996,1010,26942866
20121127,1016,1020,1003,1013,16154020
20121126,1018,1020,1003,1016,4733128
20121121,1018,1022,1010,1018,8537313
20121120,1022,1025,1003,1018,21982084
20121119,1016,1039,1011,1022,24344999
20121118,1010,1025,1003,1016,14874180
20121117,1007,1015,1001,1010,10336385
20121114,1012,1017,1000,1007,9591180
20121113,1010,1020,1005,1012,9215689
20121112,1014,1015,1000,1010,5530958
20121111,1017,1019,1003,1014,8195273
20121110,1017,1020,1016,1017,11299065
20121107,1017,1020,1015,1017,17248059
20121106,1014,1034,1010,1017,17145362
20121105,1016,1028,1000,1014,27493938
20121104,1032,1039,1007,1016,21602130
20121031,1059,1059,1026,1032,11419156
20121030,1073,1077,1035,1059,22611278
20121029,1078,1090,1050,1073,22327694
20121028,1072,1099,1057,1078,14279991
20121027,1039,1080,1050,1072,26373507
20121024,1035,1045,1035,1039,21985184
20121023,1026,1049,1018,1035,27131671
20121022,1007,1037,1001,1026,33783943
20121021,1010,1032,986,1007,50037016
20121020,926,1025,994,1010,78699958
20120919,1537,1540,1490,1533,100470354
20120918,1564,1567,1502,1537,32644017
20120917,1529,1588,1530,1564,25148631
20120916,1514,1557,1502,1529,9578338
20120915,1456,1514,1514,1514,42658009
20120911,1408,1464,1390,1456,21561406
20120910,1426,1400,1380,1408,3467340
20120909,1449,1450,1392,1426,3174914
20120908,1434,1470,1432,1449,4433693
20120905,1380,1435,1410,1434,14507931
20120904,1342,1395,1355,1380,6664584
20120903,1336,1365,1340,1342,1951723
20120902,1334,1352,1340,1336,1164898
20120827,1331,1346,1330,1334,1958748
20120826,1320,1343,1315,1331,8096303
20120825,1319,1327,1309,1320,11443496
20120822,1317,1324,1304,1319,5283817
20120821,1316,1320,1305,1317,2590139
20120818,1314,1322,1311,1316,2023908
20120815,1312,1325,1308,1314,2377430
20120814,1311,1318,1295,1312,2877179
20120813,1310,1330,1290,1311,2908259
20120812,1311,1322,1299,1310,3108419
20120811,1313,1325,1300,1311,1785830
20120808,1289,1324,1287,1313,7591198
20120807,1256,1306,1260,1289,7420330
20120806,1268,1278,1249,1256,5345116
20120805,1270,1285,1250,1268,5671900
20120804,1308,1307,1256,1270,10239771
20120801,1308,1339,1300,1308,6690525
20120731,1304,1330,1290,1308,6356672
20120730,1294,1320,1290,1304,9234909
20120729,1341,1339,1288,1294,6480311
20120728,1347,1354,1320,1341,10254092
20120725,1334,1370,1316,1347,13598901
20120724,1284,1358,1311,1334,7818140
20120717,1573,1586,1525,1554,8204452
20120716,1562,1598,1552,1573,4129129
20120715,1566,1576,1540,1562,1703796
20120714,1570,1580,1551,1566,2404260
20120711,1576,1580,1545,1570,1814443
20120710,1580,1570,1540,1576,917512
20120709,1583,1594,1546,1580,620381
20120708,1591,1599,1528,1583,1514915
20120707,1597,1615,1570,1591,1761575
20120704,1601,1625,1555,1597,3788112
20120703,1613,1630,1564,1601,3828582
20120702,1555,1617,1580,1613,9182123
20120701,1497,1556,1530,1555,8277824
20120630,1484,1543,1496,1497,1761858
20120627,1503,1510,1443,1484,3638173
20120626,1522,1530,1462,1503,2334569
20120625,1531,1530,1495,1522,2333550
20120624,1550,1523,1489,1531,2531757
20120623,1565,1549,1503,1550,1644755
20120620,1570,1590,1530,1565,1982304
20120619,1569,1590,1545,1570,2625947
20120617,1575,1586,1540,1569,1439862
20120616,1588,1592,1550,1575,2378881
20120613,1591,1610,1570,1588,2375865
20120612,1590,1609,1588,1591,1117332
20120611,1587,1609,1589,1590,2198707
20120610,1589,1599,1561,1587,2813675
20120609,1648,1624,1583,1589,8663307
20120606,1656,1640,1622,1648,2272589
20120605,1665,1645,1620,1656,1469552
20120602,1678,1673,1630,1665,2005536
20120530,1685,1680,1650,1678,1478177
20120529,1686,1699,1660,1685,1493774
20120528,1688,1700,1650,1686,4578997
20120527,1684,1707,1676,1688,3138557
20120526,1710,1729,1642,1684,9486212
20120523,1692,1730,1694,1710,6006900
20120522,1687,1720,1670,1692,4224589
20120521,1628,1693,1649,1687,13555153
20120520,1601,1650,1606,1628,7820429
20120519,1598,1628,1583,1601,2432717
20120516,1600,1610,1570,1598,2551213
20120515,1614,1613,1590,1600,4610067
20120514,1617,1617,1599,1614,1589789
20120513,1621,1624,1591,1617,2594852
20120512,1633,1638,1589,1621,3517190
20120509,1632,1649,1620,1633,4378380
20120508,1633,1650,1627,1632,3833161
20120507,1616,1665,1625,1633,3581585
20120506,1617,1646,1600,1616,5081529
20120505,1561,1623,1584,1617,12799523
20120502,1551,1584,1550,1561,3985120
20120501,1555,1560,1546,1551,5117878
20120430,1559,1562,1540,1555,1812395
20120429,1554,1567,1538,1559,10722253
20120428,1561,1563,1533,1554,3010117
20120424,1563,1573,1541,1561,2259691
20120423,1579,1585,1520,1563,2225485
20120422,1568,1600,1579,1579,3483098
20120421,1565,1587,1551,1568,3892772
20120418,1601,1624,1537,1565,9862990
20120417,1628,1615,1571,1601,4592771
20120416,1584,1647,1580,1628,25683565
20120415,1524,1584,1584,1584,6249639
20120414,1469,1527,1500,1524,16023896
20120411,1426,1483,1440,1469,7597747
20120410,1424,1441,1413,1426,6811362
20120409,1459,1458,1413,1424,13702624
20120408,1468,1470,1435,1459,2795618
20120407,1494,1494,1440,1468,3694030
20120404,1516,1490,1479,1494,3731713
20120403,1557,1549,1495,1516,4760002
20120402,1564,1557,1525,1557,2128367
20120328,1571,1579,1545,1564,4216959
20120327,1581,1569,1544,1571,2267347
20120326,1579,1597,1549,1581,2386624
20120325,1580,1637,1543,1579,1852800
20120324,1561,1623,1551,1580,2068384
20120318,1529,1590,1545,1561,9341558
20120317,1548,1531,1503,1529,4239561
20120314,1585,1581,1530,1548,7398683
20120313,1583,1600,1544,1585,3584256
20120306,1592,1587,1550,1583,1725342
20120305,1593,1597,1568,1592,7296017
20120304,1593,1599,1577,1593,6333104
20120303,1589,1600,1567,1593,7462771
20120229,1589,1595,1560,1589,6970548
20120228,1601,1600,1570,1589,4241357
20120227,1604,1619,1580,1601,1063451
20120226,1599,1622,1570,1604,65822069
20120225,1598,1634,1595,1599,185989116
20120222,1593,1620,1600,1598,1861851
20120221,1575,1630,1560,1593,4460337
20120220,1596,1591,1558,1575,5095623
20120219,1604,1604,1575,1596,2712312
20120218,1611,1650,1581,1604,4201460
20120215,1629,1634,1580,1611,3901943
20120214,1682,1670,1615,1629,5433531
20120213,1694,1715,1636,1682,3515252
20120212,1699,1698,1670,1694,3047406
20120208,1719,1720,1660,1699,4743502
20120207,1736,1730,1700,1719,12967387
20120206,1793,1754,1710,1736,15187580
20120125,2234,2289,2215,2242,15954141
20120123,2259,2270,2207,2234,3199704
20120121,2225,2290,2230,2259,6724449
20120118,2178,2259,2190,2225,5532753
20120117,2263,2219,2173,2178,7189348
20120116,2232,2280,2248,2263,38564863
20120115,2269,2295,2228,2232,167360039
20120111,2182,2269,2268,2269,55444709
20120110,2189,2199,2175,2182,3606744
20120109,2160,2210,2155,2189,10303957
20120108,2181,2180,2140,2160,94188565
20120107,2145,2218,2165,2181,14872430
20120104,2065,2147,2080,2145,56396493
20120103,2043,2085,2060,2065,4049344
20120102,2042,2060,2040,2043,2317025
20120101,2042,2069,2039,2042,3136483
20111231,2042,2049,2038,2042,3013833
20111228,2043,2073,2040,2042,2407565
20111227,2041,2077,2038,2043,1345812
20111226,2049,2048,2030,2041,3189366
20111225,2051,2060,2039,2049,1278181
20111224,2052,2079,2040,2051,769364
20111221,2049,2070,2022,2052,3777351
20111220,2056,2047,2015,2049,1334777
20111219,2061,2069,2030,2056,2159761
20111218,2070,2062,2030,2061,2133228
20111217,2076,2076,2030,2070,1075628
20111214,2079,2079,2051,2076,732817
20111213,2078,2108,2070,2079,1572623
20111212,2079,2098,2039,2078,1099381
20111211,2087,2100,2031,2079,832593
20111210,2079,2130,2050,2087,2416929
20111207,2039,2120,2080,2079,2612211
20111204,2014,2092,2015,2039,2214946
20111203,2011,2030,2000,2014,1621514
20111130,2013,2039,1970,2011,2758852
20111129,1991,2050,2000,2013,3483867
20111128,1985,2014,1935,1991,6980584
20111127,2051,2049,1969,1985,13135118
20111126,2050,2079,2044,2051,6566811
20111123,2086,2070,2030,2050,5249421
20111122,2146,2140,2061,2086,5356607
20111121,2150,2156,2126,2146,4363621
20111120,2152,2169,2130,2150,1820024
20111119,2147,2173,2124,2152,24470905
20111116,2150,2150,2128,2147,961077
20111114,2140,2180,2121,2150,2875282
20111113,2152,2165,2110,2140,2545077
20111112,2138,2184,2130,2152,2122572
20111109,2128,2190,2101,2138,2125473
20111108,2198,2140,2111,2128,4181857
20111106,2243,2211,2171,2198,3945511
20111105,2247,2272,2213,2243,720565
20111102,2228,2297,2245,2247,2132749
20111101,2230,2249,2209,2228,1729236
20111031,2237,2229,2208,2230,1622976
20111030,2248,2238,2210,2237,2002403
20111029,2252,2244,2212,2248,897050
20111026,2261,2250,2210,2252,2362600
20111025,2268,2258,2240,2261,1707566
20111024,2300,2279,2227,2268,2593110
20111023,2303,2320,2281,2300,1242015
20111022,2291,2350,2286,2303,4634498
20111019,2274,2358,2277,2291,11712684
20111018,2307,2348,2265,2274,6685676
20111017,2318,2298,2260,2307,1306035
20111016,2370,2330,2276,2318,2884268
20111015,2385,2380,2290,2370,1508712
20111012,2396,2392,2371,2385,3005283
20111011,2396,2410,2387,2396,3354714
20111010,2404,2430,2370,2396,4742021
20111009,2402,2440,2380,2404,1565063
20111008,2377,2450,2400,2402,2958593
20111005,2367,2405,2363,2377,2158508
20111004,2368,2380,2350,2367,1732727
20111003,2377,2370,2350,2368,2032095
20111002,2382,2370,2357,2377,1238244
20111001,2392,2390,2360,2382,1642761
20110928,2405,2405,2380,2392,4847882
20110927,2405,2419,2399,2405,1577342
20110926,2407,2439,2388,2405,7240717
20110925,2393,2443,2390,2407,3696758
20110921,2363,2435,2363,2393,4516877
20110920,2357,2393,2360,2363,8957405
20110919,2361,2370,2345,2357,6169239
20110918,2351,2370,2346,2361,5389113
20110917,2372,2380,2330,2351,13375610
20110914,2382,2397,2357,2372,3223591
20110913,2395,2400,2375,2382,12710053
20110912,2451,2415,2381,2395,5637399
20110911,2454,2479,2428,2451,4187785
20110910,2508,2498,2420,2454,5987492
20110907,2443,2540,2473,2508,32926921
20110906,2356,2450,2381,2443,11113158
20110905,2349,2398,2341,2356,40165338
20110904,2333,2379,2320,2349,10240351
20110903,2249,2338,2253,2333,17010341
20110830,2213,2286,2222,2249,8078706
20110829,2211,2239,2204,2213,2180702
20110828,2217,2219,2201,2211,2754250
20110827,2222,2220,2204,2217,1760500
20110824,2227,2250,2200,2222,3113363
20110823,2220,2250,2205,2227,2705155
20110821,2231,2233,2200,2220,2792672
20110820,2244,2258,2196,2231,1787123
20110817,2208,2280,2200,2244,9823556
20110816,2226,2228,2190,2208,3251860
20110815,2265,2239,2190,2226,2902001
20110814,2219,2300,2190,2265,8172849
20110813,2141,2226,2140,2219,10469172
20110810,2147,2157,2130,2141,2631998
20110809,2172,2167,2130,2147,3661461
20110808,2147,2200,2147,2172,4891478
20110807,2148,2149,2140,2147,3032019
20110806,2150,2150,2135,2148,3327386
20110803,2134,2168,2129,2150,3844396
20110802,2139,2140,2126,2134,2450984
20110801,2142,2145,2115,2139,1324192
20110731,2146,2149,2119,2142,1502205
20110730,2153,2150,2115,2146,1142016
20110727,2152,2180,2135,2153,1744735
20110726,2166,2151,2114,2152,2031719
20110725,2179,2191,2125,2166,2231619
20110724,2266,2179,2179,2179,35640
20110719,2247,2277,2251,2266,14376980
20110718,2226,2297,2227,2247,9754849
20110716,2195,2250,2200,2226,16754511
20110713,2166,2230,2170,2195,7397267
20110712,2171,2170,2160,2166,3575426
20110711,2170,2176,2163,2171,2856806
20110710,2177,2190,2152,2170,3963111
20110709,2178,2199,2164,2177,4776654
20110706,2175,2199,2151,2178,4896570
20110705,2178,2190,2160,2175,3540548
20110704,2187,2190,2150,2178,4014147
20110703,2205,2227,2151,2187,4221129
20110702,2185,2238,2191,2205,4779093
20110629,2148,2219,2160,2185,4016652
20110628,2121,2174,2115,2148,5229445
20110627,2201,2170,2113,2121,19669430
20110626,2235,2210,2171,2201,3292143
20110625,2260,2289,2201,2235,5304317
20110622,2266,2290,2246,2260,11699997
20110621,2241,2296,2231,2266,38839282
20110620,2178,2265,2170,2241,32757797
20110619,2189,2200,2149,2178,4436947
20110618,2161,2240,2150,2189,6358640
20110615,2165,2170,2147,2161,2223640
20110614,2169,2189,2126,2165,1695589
20110613,2183,2180,2150,2169,3166452
20110612,2185,2190,2153,2183,810597
20110611,2193,2218,2157,2185,1278991
20110608,2190,2215,2166,2193,2680722
20110607,2191,2200,2162,2190,365190
20110606,2174,2210,2160,2191,5172950
20110601,2178,2199,2125,2174,2796550
20110531,2187,2265,2150,2178,3802166
20110530,2123,2207,2100,2187,6579017
20110529,2194,2150,2107,2123,4331856
20110528,2215,2216,2162,2194,2478531
20110525,2259,2217,2180,2215,3126943
20110524,2270,2268,2202,2259,1604372
20110523,2270,2275,2261,2270,4587309
20110522,2287,2287,2256,2270,3977532
20110521,2297,2298,2270,2287,3321021
20110518,2300,2329,2287,2297,3261304
20110517,2307,2324,2250,2300,5881549
20110516,2342,2329,2270,2307,3288613
20110515,2354,2370,2290,2342,11928287
20110514,2297,2370,2308,2354,4555386
20110511,2270,2340,2255,2297,9107422
20110510,2200,2288,2211,2270,12301703
20110509,2168,2228,2180,2200,6553654
20110508,2200,2200,2135,2168,4669751
20110504,2185,2234,2175,2200,6840108
20110503,2185,2259,2160,2185,1899792
20110502,2102,2186,2162,2185,6982399
20110501,2110,2187,2031,2102,5958602
20110430,2197,2130,2110,2110,34090217
20110427,2218,2214,2150,2197,2767645
20110426,2224,2220,2172,2218,1491189
20110425,2232,2259,2180,2224,1511468
20110424,2246,2250,2201,2232,7413238
20110423,2229,2299,2220,2246,4202420
20110420,2202,2290,2170,2229,7936665
20110419,2230,2250,2161,2202,2532860
20110418,2316,2265,2224,2230,10338435
20110417,2375,2299,2280,2316,3048926
20110416,2293,2384,2295,2375,55955215
20110413,2205,2293,2293,2293,5000010
20110412,2134,2219,2138,2205,18729024
20110411,2137,2190,2100,2134,2678824
20110410,2179,2175,2120,2137,4922394
20110409,2181,2220,2145,2179,5740414
20110406,2150,2200,2160,2181,5259592
20110405,2170,2171,2140,2150,5206183
20110404,2176,2185,2140,2170,3043195
20110403,2191,2179,2132,2176,2223853
20110330,2206,2241,2155,2191,3757020
20110329,2228,2257,2186,2206,4554651
20110328,2214,2300,2200,2228,6365256
20110327,2132,2217,2200,2214,8645404
20110326,2082,2165,2120,2132,2878617
20110319,2052,2128,2053,2082,6829639
20110316,2037,2090,2037,2052,13425606
20110315,2052,2062,2000,2037,4086032
20110314,2049,2087,2040,2052,6200371
20110313,2039,2069,2030,2049,6337476
20110312,2052,2060,2001,2039,1928632
20110309,2059,2090,2040,2052,13917783
20110308,2061,2071,2011,2059,1307568
20110307,2064,2064,2040,2061,784020
20110306,2061,2096,2050,2064,1358227
20110305,2045,2109,2061,2061,1385613
20110302,2043,2080,2029,2045,543020
20110301,2057,2040,2004,2043,1737122
20110228,2106,2060,2026,2057,2681484
20110227,2112,2119,2075,2106,1185279
20110226,2089,2139,2051,2112,2664141
20110223,2098,2145,2052,2089,2086719
20110222,2037,2118,2006,2098,7110238
20110220,2052,2045,2005,2037,2412520
20110219,2061,2060,2020,2052,2410765
20110216,2072,2063,2005,2061,1423382
20110215,2134,2120,2055,2072,7231242
20110214,2182,2169,2100,2134,3800194
20110213,2182,2196,2160,2182,2425262
20110212,2171,2213,2150,2182,3749721
20110209,2128,2210,2120,2171,16906318
20110208,2146,2147,2080,2128,3560079
20110207,2069,2151,2110,2146,14659214
20110206,2025,2106,2003,2069,6539845
20110205,2002,2060,2012,2025,2576760
20110201,1993,2025,1991,2002,4427625
20110131,1993,2000,1980,1993,1712819
20110130,1991,2005,1987,1993,2591342
20110129,1985,2000,1986,1991,2872786
20110126,1992,2020,1945,1985,3844662
20110124,2023,2012,1970,1992,8961222
20110123,1951,2029,1970,2023,37936990
20110122,1876,1951,1950,1951,11012186
20110119,1810,1882,1801,1876,8008106
20110118,1816,1833,1800,1810,2468462
20110117,1822,1832,1810,1816,3123358
20110116,1808,1849,1800,1822,4139384
20110115,1824,1835,1800,1808,4347776
20110112,1825,1830,1807,1824,363045
20110111,1830,1830,1810,1825,2625421
20110110,1834,1869,1802,1830,2262720
20110109,1830,1847,1820,1834,2960028
20110108,1822,1875,1830,1830,1162702
20110105,1808,1848,1817,1822,2610788
20110104,1804,1836,1822,1808,644372
20110103,1802,1840,1816,1804,301815
20110102,1800,1830,1790,1802,304326
20110101,1825,1819,1791,1800,6569435
20101229,1827,1829,1799,1825,2042417
20101228,1827,1835,1800,1827,731215
20101227,1845,1843,1782,1827,2367633
20101226,1847,1850,1836,1845,3442509
20101225,1849,1849,1811,1847,2049883
20101222,1852,1849,1810,1849,440149
20101221,1861,1850,1801,1852,666406
20101220,1869,1851,1830,1861,1198777
20101219,1872,1870,1801,1869,1369158
20101218,1874,1874,1851,1872,1889516
20101214,1874,1880,1870,1874,1788921
20101213,1876,1889,1861,1874,1308336
20101212,1876,1899,1871,1876,411072
20101211,1875,1890,1865,1876,830930
20101208,1875,1880,1870,1875,649660
20101207,1875,1880,1866,1875,3127820
20101206,1876,1880,1863,1875,3319206
20101205,1877,1899,1870,1876,1380237
20101204,1876,1922,1876,1877,394082
20101201,1870,1920,1863,1876,6486513
20101130,1865,1885,1860,1870,6180367
20101129,1842,1886,1855,1865,3417370
20101128,1818,1889,1846,1842,2093503
20101127,1809,1859,1823,1818,853333
20101124,1804,1836,1791,1809,987367
20101123,1800,1830,1801,1804,611494
20101122,1789,1840,1780,1800,2933002
20101121,1789,1799,1760,1789,862052
20101120,1789,1795,1780,1789,328941
20101116,1792,1795,1770,1789,830059
20101115,1796,1799,1771,1792,1143304
20101114,1796,1800,1780,1796,863179
20101113,1795,1800,1786,1796,1203905
20101110,1797,1811,1780,1795,2147107
20101109,1797,1819,1780,1797,386745
20101108,1794,1810,1786,1797,2011495
20101107,1791,1805,1780,1794,1360229
20101106,1782,1825,1783,1791,1643196
20101103,1780,1795,1753,1782,1082334
20101102,1781,1799,1750,1780,514619
20101101,1786,1790,1749,1781,841593
20101031,1791,1815,1740,1786,805140
20101030,1792,1830,1773,1791,722529
20101027,1793,1810,1761,1792,392179
20101026,1799,1820,1740,1793,1262161
20101025,1822,1789,1750,1799,1403823
20101024,1840,1855,1767,1822,1172785
20101023,1842,1880,1810,1840,892208
20101020,1844,1879,1811,1842,862077
20101019,1888,1900,1840,1844,3911035
20101018,1855,1918,1870,1888,3246300
20101017,1845,1879,1851,1855,1776789
20101016,1781,1852,1776,1845,4317242
20101013,1833,1828,1760,1781,3094766
20101012,1887,1901,1812,1833,3547076
20101011,1852,1911,1806,1887,4072393
20101010,1921,1903,1845,1852,5480520
20101009,1952,1980,1887,1921,4430741
20101006,1885,1960,1886,1952,12353989
20101005,1868,1920,1868,1885,16676101
20101003,1797,1868,1867,1868,29487342
20101002,1740,1809,1770,1797,3435274
20100929,1707,1775,1713,1740,2191163
20100928,1702,1750,1710,1707,721437
20100927,1693,1730,1699,1702,7506338
20100926,1684,1730,1685,1693,2361053
20100925,1681,1710,1697,1684,632695
20100922,1678,1730,1670,1681,673302
20100921,1682,1729,1616,1678,1432217
20100920,1696,1680,1636,1682,1275398
20100919,1734,1730,1681,1696,3388718
20100918,1733,1756,1715,1734,987983
20100915,1713,1775,1740,1733,1771100
20100914,1707,1739,1681,1713,1764839
20100913,1708,1729,1691,1707,1836637
20100912,1711,1720,1681,1708,1284338
20100908,1715,1730,1676,1711,1063401
20100907,1726,1715,1677,1715,1413618
20100906,1742,1745,1709,1726,3404786
20100905,1746,1766,1710,1742,2376768
20100904,1711,1775,1686,1746,3946315
20100831,1722,1750,1690,1711,1969740
20100830,1700,1760,1710,1722,2398683
20100829,1658,1724,1656,1700,3442882
20100828,1643,1677,1640,1658,2946859
20100825,1647,1669,1626,1643,3091412
20100824,1664,1677,1620,1647,2041627
20100823,1657,1699,1633,1664,1445497
20100822,1683,1675,1616,1657,2083353
20100821,1654,1720,1600,1683,8669566
20100818,1594,1657,1602,1654,6402598
20100817,1573,1629,1572,1594,6613357
20100816,1569,1589,1564,1573,4863184
20100815,1582,1580,1540,1569,3385202
20100814,1539,1595,1545,1582,47236400
20100811,1480,1539,1538,1539,29148703
20100810,1470,1510,1484,1480,1464540
20100809,1466,1495,1470,1470,1042905
20100808,1460,1490,1465,1466,1671951
20100807,1460,1476,1450,1460,2088140
20100804,1456,1480,1450,1460,3757484
20100803,1457,1480,1440,1456,4785787
20100802,1461,1498,1430,1457,4047054
20100801,1477,1497,1421,1461,3148070
20100731,1427,1484,1442,1477,6813490
20100728,1345,1457,1401,1427,5236577
20100707,1629,1687,1650,1663,9581483
20100706,1625,1649,1626,1629,838985
20100705,1624,1650,1630,1625,177765
20100704,1623,1650,1600,1624,906919
20100703,1620,1680,1645,1623,268517
20100630,1618,1652,1606,1620,372788
20100629,1622,1670,1600,1618,1306207
20100628,1633,1645,1620,1622,5270725
20100627,1633,1650,1620,1633,224511
20100623,1614,1669,1630,1633,2312169
20100622,1585,1640,1600,1614,2886546
20100621,1556,1610,1580,1585,2392294
20100620,1544,1598,1581,1556,909724
20100619,1598,1600,1543,1544,115354338
20100616,1599,1610,1580,1598,488842
20100615,1599,1609,1586,1599,892777
20100614,1599,1620,1587,1599,1254496
20100613,1599,1608,1600,1599,248657
20100612,1600,1600,1545,1599,77518
20100609,1610,1600,1554,1600,1290320
20100608,1610,1628,1579,1610,165352
20100607,1610,1630,1590,1610,485859
20100606,1609,1630,1563,1610,244519
20100602,1608,1635,1608,1609,10026894
20100601,1600,1625,1601,1608,1652868
20100531,1618,1630,1573,1600,4064750
20100530,1619,1649,1571,1618,3649959
20100529,1659,1660,1601,1619,3312330
20100526,1671,1690,1617,1659,2704103
20100525,1672,1700,1626,1671,513361
20100524,1730,1719,1670,1672,9772025
20100523,1649,1780,1718,1730,2774546
20100512,1662,1658,1604,1649,1662793
20100511,1635,1689,1630,1662,3201800
20100510,1620,1676,1620,1635,1469229
20100509,1570,1624,1599,1620,12417983
20100508,1561,1615,1531,1570,1060966
20100505,1555,1600,1540,1561,1972761
20100504,1552,1570,1520,1555,1805735
20100503,1546,1600,1503,1552,847965
20100502,1548,1553,1495,1546,411998
20100501,1549,1560,1495,1548,880084
20100428,1498,1550,1502,1549,7352806
20100427,1453,1503,1430,1498,5158903
20100426,1454,1454,1408,1453,223358
20100425,1451,1480,1403,1454,1470213
20100424,1485,1477,1434,1451,2754318
20100421,1487,1537,1442,1485,396522
20100420,1490,1530,1440,1487,487675
20100419,1475,1526,1480,1490,1239563
20100418,1491,1488,1439,1475,1544244
20100417,1497,1445,1445,1491,483678
20100414,1525,1490,1472,1497,2152398
20100413,1544,1589,1490,1525,1911907
20100412,1588,1619,1533,1544,3913676
20100411,1535,1588,1581,1588,9029198
20100410,1486,1538,1500,1535,18052817
20100407,1440,1490,1470,1486,3587970
20100406,1426,1475,1427,1440,1509627
20100405,1427,1475,1403,1426,629413
20100404,1380,1428,1405,1427,6061098
20100403,1374,1422,1400,1380,522006
20100331,1373,1400,1380,1374,200995
20100330,1368,1399,1387,1373,769099
20100329,1366,1390,1370,1368,325236
20100328,1365,1399,1370,1366,118245
20100317,1365,1380,1360,1365,961631
20100316,1366,1345,1330,1365,143227
20100315,1367,1370,1330,1366,476932
20100314,1369,1350,1333,1367,249324
20100313,1371,1360,1340,1369,323779
20100310,1377,1367,1335,1371,771082
20100309,1379,1367,1331,1377,177077
20100308,1381,1380,1333,1379,196000
20100307,1381,1382,1362,1381,124748
20100306,1361,1407,1356,1381,2382557
20100303,1358,1396,1367,1361,423786
20100302,1349,1395,1384,1358,798038
20100301,1304,1349,1316,1349,5058632
20100228,1303,1342,1322,1304,175509
20100227,1297,1342,1310,1303,631999
20100224,1296,1341,1296,1297,12212353
20100223,1283,1327,1295,1296,1282803
20100222,1281,1320,1287,1283,422357
20100221,1265,1300,1270,1281,1294100
20100217,1265,1265,1260,1265,66095
20100216,1253,1280,1260,1265,1803779
20100214,1253,1270,1241,1253,42207
20100210,1254,1250,1215,1253,384066
20100209,1255,1240,1214,1254,155241
20100208,1256,1220,1214,1255,95789
20100207,1257,1239,1223,1256,135586
20100206,1264,1245,1235,1257,1016105
20100203,1266,1248,1232,1264,207209
20100202,1266,1238,1222,1266,48077
20100201,1268,1259,1226,1266,328791
20100131,1242,1268,1209,1268,140696326
20100130,1243,1228,1214,1242,136746
20100127,1244,1240,1208,1243,164516
20100126,1260,1270,1222,1244,12839390
20100125,1228,1270,1248,1260,378641945
20100124,1218,1260,1236,1228,991070
20100123,1211,1253,1230,1218,827061
20100120,1210,1238,1212,1211,170120
20100119,1210,1219,1200,1210,220000
20100118,1206,1240,1203,1210,1318877
20100117,1202,1244,1219,1206,422116
20100116,1201,1212,1201,1202,662634
20100113,1202,1203,1180,1201,454295
20100112,1202,1210,1196,1202,388651
20100111,1201,1220,1191,1202,395581
20100110,1200,1225,1200,1201,249929
20100109,1200,1242,1200,1200,343787272
20100106,1200,1208,1159,1200,1439306
20100105,1219,1183,1177,1200,1820893
20100104,1233,1190,1190,1219,1262842
20100103,1244,1201,1201,1233,1000000
20100102,1251,1208,1208,1244,631520
20091230,1256,1213,1213,1251,429105
20091229,1261,1217,1217,1256,404900
20091228,1262,1218,1218,1261,100000
20091223,1263,1219,1219,1262,100000
20091222,1266,1222,1222,1263,300000
20091221,1269,1225,1225,1266,300000
20091220,1270,1226,1226,1269,130000
20091219,1283,1239,1239,1270,1151510
20091216,1292,1247,1247,1283,800000
20091215,1294,1249,1249,1292,208380
20091214,1296,1251,1251,1294,150795
20091213,1297,1252,1252,1296,100000
20091212,1299,1254,1254,1297,200000
20091209,1302,1257,1257,1299,251000
20091208,1312,1267,1267,1302,856607
20091207,1313,1268,1268,1312,50392
20091205,1315,1269,1269,1313,201960
20091202,1317,1271,1271,1315,178144
20091201,1319,1273,1273,1317,205460
20091130,1320,1274,1274,1319,50000
20091129,1321,1275,1275,1320,65740
20091125,1322,1276,1276,1321,81000
20091124,1323,1277,1277,1322,108393
20091123,1326,1280,1280,1323,250000
20091122,1345,1298,1298,1326,1605420
20091118,1345,1298,1298,1345,5440
20091116,1345,1298,1298,1345,2678
20091114,1345,1298,1298,1345,23355
20091111,1346,1299,1299,1345,66662
20091110,1346,1299,1299,1346,34369
20091109,1348,1340,1301,1346,247058
20091108,1348,1365,1314,1348,17123780
20091107,1396,1357,1348,1348,6547238
20091104,1397,1356,1356,1396,162880
20091103,1398,1357,1357,1397,109319
20091102,1404,1439,1362,1398,1535913
20091101,1365,1405,1378,1404,17959177
20091031,1326,1365,1330,1365,13086460
20091028,1289,1327,1299,1326,12790439
20091027,1268,1306,1268,1289,3370328
20091026,1232,1268,1267,1268,9451040
20091025,1198,1233,1230,1232,5290000
20091024,1194,1229,1200,1198,667827
20091021,1191,1226,1194,1194,656810
20091020,1175,1210,1188,1191,83173825
20091019,1168,1190,1170,1175,631051535
20091018,1167,1179,1168,1168,2818457
20091017,1165,1189,1165,1167,1635360
20091013,1163,1189,1163,1165,3017538
20091012,1179,1167,1144,1163,2485286
20091011,1179,1189,1160,1179,591796
20091010,1165,1199,1162,1179,2340490
20091007,1159,1180,1161,1165,2391315
20091006,1151,1185,1145,1159,6122213
20091005,1151,1153,1136,1151,703529
20091004,1152,1148,1121,1151,472500
20091003,1156,1147,1122,1152,698304
20090930,1158,1142,1124,1156,381433
20090929,1131,1162,1129,1158,5878902
20090928,1100,1133,1091,1131,5525082
20090927,1070,1102,1079,1100,5250094
20090926,1056,1087,1061,1070,2460109
20090923,1050,1081,1054,1056,1057145
20090922,1050,1062,1050,1050,1516318
20090921,1050,1065,1050,1050,664969
20090919,1050,1060,1050,1050,195047
20090916,1050,1062,1059,1050,56727
20090915,1050,1059,1044,1050,278427
20090914,1050,1069,1036,1050,185954
20090913,1049,1070,1045,1050,599131
20090909,1049,1060,1050,1049,82190
20090908,1049,1050,1042,1049,1087018
20090907,1049,1050,1035,1049,333772
20090906,1049,1048,1039,1049,127948
20090905,1049,1050,1036,1049,191485
20090902,1050,1051,1035,1049,761056
20090901,1050,1050,1040,1050,265660
20090831,1051,1059,1049,1050,7287684
20090830,1051,1055,1050,1051,501297
20090829,1051,1060,1050,1051,841043
20090826,1052,1052,1050,1051,2584143
20090825,1051,1061,1048,1052,1276461
20090824,1051,1060,1050,1051,616093
20090823,1051,1059,1050,1051,2126311
20090822,1050,1068,1050,1051,1025310
20090819,1050,1058,1050,1050,447172
20090818,1050,1053,1048,1050,21237549
20090817,1050,1052,1048,1050,10883442
20090816,1051,1051,1040,1050,15866999
20090815,1050,1052,1049,1051,8343521
20090812,1049,1052,1032,1050,9766705
20090811,1051,1053,1030,1049,7452724
20090810,1051,1053,1040,1051,5016000
20090809,1053,1054,1036,1051,11189999
20090808,1052,1054,1052,1053,9230221
20090805,1051,1053,1050,1052,8926666
20090804,1051,1053,1051,1051,2000695
20090803,1051,1053,1051,1051,1977788
20090802,1051,1057,1052,1051,1913039
20090801,1050,1058,1045,1051,5729065
20090729,1050,1051,1050,1050,101684640
20090728,1050,1059,1050,1050,4726366
20090727,1058,1060,1041,1050,6514549
20090726,1027,1100,1050,1058,3870930
20090715,1196,1231,1180,1197,28334944
20090714,1193,1210,1195,1196,5387872
20090713,1191,1195,1191,1193,11666856
20090712,1190,1194,1192,1191,2356696
20090711,1189,1198,1191,1190,3595861
20090707,1188,1191,1190,1189,1343394
20090705,1187,1198,1189,1188,1404219
20090704,1186,1190,1188,1187,1860281
20090701,1185,1189,1187,1186,1294974
20090630,1185,1190,1176,1185,1509920
20090629,1183,1190,1185,1185,2789903
20090628,1189,1191,1155,1183,3197891
20090627,1185,1200,1184,1189,2565071
20090624,1166,1190,1175,1185,5070421
20090623,1157,1184,1170,1166,2514050
20090622,1152,1170,1156,1157,1929794
20090621,1151,1170,1151,1152,942720
20090620,1148,1175,1150,1151,1019090
20090617,1143,1154,1144,1148,8557645
20090616,1136,1150,1110,1143,8532558
20090615,1139,1173,1107,1136,2248475
20090614,1170,1169,1135,1139,9021000
20090613,1175,1170,1152,1170,2142402
20090610,1174,1187,1151,1175,2687050
20090609,1174,1180,1160,1174,2430908
20090608,1174,1180,1169,1174,4109486
20090607,1175,1182,1155,1174,2788842
20090606,1180,1170,1153,1175,1466006
20090603,1181,1184,1169,1180,1368031
20090602,1184,1173,1160,1181,880495
20090601,1187,1186,1165,1184,869709
20090531,1188,1192,1170,1187,5788385
20090530,1186,1190,1171,1188,4545235
20090527,1180,1198,1169,1186,6492368
20090526,1183,1199,1160,1180,10583943
20090520,1183,1199,1160,1183,4466305
20090519,1177,1200,1160,1183,4375902
20090518,1156,1190,1157,1177,7099935
20090517,1162,1178,1132,1156,2708887
20090516,1170,1170,1135,1162,2440878
20090513,1190,1170,1155,1170,3128384
20090512,1192,1168,1157,1190,328293
20090511,1168,1203,1150,1192,15625032
20090510,1158,1192,1192,1168,1617941
20090509,1135,1169,1169,1158,3478293
20090506,1110,1143,1120,1135,4329696
20090505,1106,1120,1086,1110,2260882
20090504,1112,1125,1085,1106,4194127
20090503,1118,1128,1097,1112,2994367
20090502,1122,1129,1103,1118,1675253
20090429,1124,1130,1106,1122,858625
20090428,1123,1149,1102,1124,2105602
20090427,1126,1129,1102,1123,2173117
20090426,1129,1139,1100,1126,1213875
20090425,1150,1141,1117,1129,5274735
20090422,1150,1172,1129,1150,2300464
20090421,1143,1177,1177,1150,1033815
20090420,1114,1147,1125,1143,11066992
20090419,1101,1134,1100,1114,8852608
20090418,1097,1110,1103,1101,2126749
20090415,1093,1110,1090,1097,2314256
20090414,1090,1099,1075,1093,4852993
20090413,1083,1106,1071,1090,3952220
20090412,1091,1083,1063,1083,2243981
20090411,1096,1099,1070,1091,2748606
20090408,1098,1096,1078,1096,877368
20090407,1099,1106,1081,1098,4456751
20090406,1110,1119,1078,1099,4831781
20090405,1110,1123,1091,1110,3553767
20090404,1105,1133,1099,1110,6876866
20090331,1086,1118,1086,1105,7348064
20090330,1080,1112,1112,1086,936159
20090329,1079,1111,1111,1080,91020
20090328,1065,1096,1076,1079,2749128
20090325,1061,1080,1063,1065,1916886
20090318,1061,1064,1061,1061,2191144
20090317,1061,1062,1061,1061,3998308
20090316,1061,1063,1058,1061,3937907
20090314,1060,1062,1061,1061,4000145
20090311,1060,1063,1060,1060,2111176
20090310,1059,1061,1050,1060,3438096
20090309,1058,1063,1055,1059,4797840
20090308,1058,1060,1054,1058,5236516
20090307,1055,1061,1059,1058,3667884
20090304,1053,1060,1056,1055,2304953
20090303,1050,1059,1054,1053,2650575
20090302,1050,1065,1027,1050,10528791
20090301,1055,1055,1027,1050,23696125
20090228,1058,1060,1050,1055,3924844
20090225,1061,1064,1050,1058,7434309
20090223,1065,1067,1059,1061,8570222
20090222,1050,1074,1055,1065,8435464
20090221,1050,1076,1042,1050,335334212
20090218,1000,1050,1050,1050,330851245
